OrderID,Date,Customer,Region,Category,MenuItem,Quantity,Price,Sales
1001,2023-01-01 00:00:00.000000000,Customer_58,North,Asian,Salad,4,657,2628
1002,2023-01-01 07:17:09.858215179,Customer_13,South,Fast Food,Salad,5,675,3375
1003,2023-01-01 14:34:19.716430358,Customer_141,West,Main Course,Tacos,3,229,687
1004,2023-01-01 21:51:29.574645537,Customer_126,North,Fast Food,Tacos,5,921,4605
1005,2023-01-02 05:08:39.432860717,Customer_115,North,Asian,Sushi,5,462,2310
1006,2023-01-02 12:25:49.291075896,Customer_72,West,Healthy,Curry,2,804,1608
1007,2023-01-02 19:42:59.149291075,Customer_53,West,Asian,Salad,3,918,2754
1008,2023-01-03 03:00:09.007506255,Customer_280,East,Healthy,Sandwich,3,792,2376
1009,2023-01-03 10:17:18.865721434,Customer_45,North,Asian,Curry,3,391,1173
1010,2023-01-03 17:34:28.723936613,Customer_217,West,Main Course,Salad,5,470,2350
1011,2023-01-04 00:51:38.582151793,Customer_17,South,Healthy,Noodles,4,893,3572
1012,2023-01-04 08:08:48.440366972,Customer_16,North,Healthy,Steak,3,128,384
1013,2023-01-04 15:25:58.298582151,Customer_48,East,Fast Food,Tacos,5,248,1240
1014,2023-01-04 22:43:08.156797331,Customer_112,West,Asian,Steak,2,878,1756
1015,2023-01-05 06:00:18.015012510,Customer_120,North,Continental,Burger,4,395,1580
1016,2023-01-05 13:17:27.873227689,Customer_259,North,Continental,Pizza,2,110,220
1017,2023-01-05 20:34:37.731442869,Customer_14,West,Fast Food,Noodles,4,611,2444
1018,2023-01-06 03:51:47.589658048,Customer_288,West,Asian,Sushi,5,775,3875
1019,2023-01-06 11:08:57.447873227,Customer_102,West,Main Course,Noodles,1,212,212
1020,2023-01-06 18:26:07.306088407,Customer_280,North,Fast Food,Steak,4,286,1144
1021,2023-01-07 01:43:17.164303586,Customer_215,West,Healthy,Steak,2,906,1812
1022,2023-01-07 09:00:27.022518765,Customer_113,West,Main Course,Salad,5,843,4215
1023,2023-01-07 16:17:36.880733945,Customer_230,North,Asian,Salad,4,326,1304
1024,2023-01-07 23:34:46.738949124,Customer_143,North,Healthy,Burger,1,409,409
1025,2023-01-08 06:51:56.597164303,Customer_4,East,Continental,Curry,1,197,197
1026,2023-01-08 14:09:06.455379482,Customer_82,South,Asian,Burger,3,154,462
1027,2023-01-08 21:26:16.313594662,Customer_217,North,Healthy,Sushi,3,722,2166
1028,2023-01-09 04:43:26.171809841,Customer_175,South,Asian,Salad,2,763,1526
1029,2023-01-09 12:00:36.030025020,Customer_143,East,Healthy,Sushi,4,857,3428
1030,2023-01-09 19:17:45.888240200,Customer_80,East,Asian,Salad,4,505,2020
1031,2023-01-10 02:34:55.746455379,Customer_111,West,Continental,Salad,3,168,504
1032,2023-01-10 09:52:05.604670558,Customer_173,East,Fast Food,Salad,4,411,1644
1033,2023-01-10 17:09:15.462885738,Customer_53,West,Healthy,Sandwich,4,388,1552
1034,2023-01-11 00:26:25.321100917,Customer_48,West,Healthy,Pasta,1,861,861
1035,2023-01-11 07:43:35.179316096,Customer_195,North,Continental,Noodles,3,647,1941
1036,2023-01-11 15:00:45.037531276,Customer_50,North,Fast Food,Sandwich,5,850,4250
1037,2023-01-11 22:17:54.895746455,Customer_184,South,Asian,Pizza,3,247,741
1038,2023-01-12 05:35:04.753961634,Customer_177,West,Healthy,Steak,5,566,2830
1039,2023-01-12 12:52:14.612176814,Customer_136,West,Fast Food,Tacos,1,838,838
1040,2023-01-12 20:09:24.470391993,Customer_23,South,Asian,Sushi,2,343,686
1041,2023-01-13 03:26:34.328607172,Customer_236,West,Healthy,Pasta,4,590,2360
1042,2023-01-13 10:43:44.186822352,Customer_275,East,Healthy,Pizza,1,948,948
1043,2023-01-13 18:00:54.045037531,Customer_64,West,Asian,Curry,4,606,2424
1044,2023-01-14 01:18:03.903252710,Customer_194,West,Continental,Salad,2,464,928
1045,2023-01-14 08:35:13.761467890,Customer_41,West,Fast Food,Salad,2,581,1162
1046,2023-01-14 15:52:23.619683069,Customer_283,North,Healthy,Tacos,1,300,300
1047,2023-01-14 23:09:33.477898248,Customer_151,East,Asian,Tacos,2,253,506
1048,2023-01-15 06:26:43.336113427,Customer_186,West,Healthy,Tacos,5,549,2745
1049,2023-01-15 13:43:53.194328607,Customer_296,East,Asian,Pizza,2,600,1200
1050,2023-01-15 21:01:03.052543786,Customer_99,East,Healthy,Steak,4,172,688
1051,2023-01-16 04:18:12.910758965,Customer_36,East,Main Course,Steak,4,812,3248
1052,2023-01-16 11:35:22.768974145,Customer_24,South,Continental,Sandwich,4,395,1580
1053,2023-01-16 18:52:32.627189324,Customer_117,West,Fast Food,Sushi,4,116,464
1054,2023-01-17 02:09:42.485404503,Customer_149,North,Continental,Sandwich,5,740,3700
1055,2023-01-17 09:26:52.343619683,Customer_41,North,Continental,Noodles,3,316,948
1056,2023-01-17 16:44:02.201834862,Customer_120,North,Fast Food,Curry,1,160,160
1057,2023-01-18 00:01:12.060050041,Customer_52,North,Continental,Sushi,4,715,2860
1058,2023-01-18 07:18:21.918265221,Customer_195,West,Main Course,Noodles,2,141,282
1059,2023-01-18 14:35:31.776480400,Customer_143,North,Asian,Salad,4,124,496
1060,2023-01-18 21:52:41.634695579,Customer_233,East,Fast Food,Pasta,2,138,276
1061,2023-01-19 05:09:51.492910759,Customer_187,South,Asian,Noodles,2,902,1804
1062,2023-01-19 12:27:01.351125938,Customer_84,North,Healthy,Pasta,4,230,920
1063,2023-01-19 19:44:11.209341117,Customer_190,East,Main Course,Salad,5,597,2985
1064,2023-01-20 03:01:21.067556297,Customer_182,North,Asian,Burger,2,328,656
1065,2023-01-20 10:18:30.925771476,Customer_108,West,Asian,Curry,2,207,414
1066,2023-01-20 17:35:40.783986655,Customer_137,East,Fast Food,Pasta,4,271,1084
1067,2023-01-21 00:52:50.642201835,Customer_37,West,Healthy,Salad,2,534,1068
1068,2023-01-21 08:10:00.500417014,Customer_88,North,Fast Food,Noodles,2,577,1154
1069,2023-01-21 15:27:10.358632193,Customer_274,East,Healthy,Pasta,4,201,804
1070,2023-01-21 22:44:20.216847372,Customer_126,East,Fast Food,Sushi,4,965,3860
1071,2023-01-22 06:01:30.075062552,Customer_84,East,Asian,Burger,1,623,623
1072,2023-01-22 13:18:39.933277731,Customer_237,North,Asian,Sandwich,5,374,1870
1073,2023-01-22 20:35:49.791492910,Customer_195,South,Main Course,Sushi,5,712,3560
1074,2023-01-23 03:52:59.649708090,Customer_139,South,Asian,Sandwich,2,143,286
1075,2023-01-23 11:10:09.507923269,Customer_286,West,Continental,Salad,5,916,4580
1076,2023-01-23 18:27:19.366138448,Customer_113,South,Asian,Tacos,2,116,232
1077,2023-01-24 01:44:29.224353628,Customer_167,North,Continental,Sushi,1,429,429
1078,2023-01-24 09:01:39.082568807,Customer_29,East,Asian,Sushi,4,668,2672
1079,2023-01-24 16:18:48.940783986,Customer_118,East,Continental,Salad,4,922,3688
1080,2023-01-24 23:35:58.798999166,Customer_17,North,Continental,Steak,4,596,2384
1081,2023-01-25 06:53:08.657214345,Customer_162,East,Asian,Salad,5,914,4570
1082,2023-01-25 14:10:18.515429524,Customer_206,South,Continental,Curry,1,111,111
1083,2023-01-25 21:27:28.373644704,Customer_138,West,Main Course,Burger,5,417,2085
1084,2023-01-26 04:44:38.231859883,Customer_34,North,Healthy,Curry,5,691,3455
1085,2023-01-26 12:01:48.090075062,Customer_109,East,Continental,Pizza,1,315,315
1086,2023-01-26 19:18:57.948290242,Customer_291,North,Continental,Steak,1,438,438
1087,2023-01-27 02:36:07.806505421,Customer_162,South,Main Course,Steak,1,875,875
1088,2023-01-27 09:53:17.664720600,Customer_109,East,Main Course,Steak,1,760,760
1089,2023-01-27 17:10:27.522935780,Customer_256,East,Fast Food,Burger,4,180,720
1090,2023-01-28 00:27:37.381150959,Customer_203,East,Healthy,Curry,3,826,2478
1091,2023-01-28 07:44:47.239366138,Customer_235,East,Fast Food,Sandwich,3,584,1752
1092,2023-01-28 15:01:57.097581318,Customer_74,North,Continental,Noodles,1,473,473
1093,2023-01-28 22:19:06.955796497,Customer_136,South,Main Course,Burger,3,809,2427
1094,2023-01-29 05:36:16.814011676,Customer_72,South,Continental,Tacos,3,299,897
1095,2023-01-29 12:53:26.672226855,Customer_127,West,Asian,Noodles,1,636,636
1096,2023-01-29 20:10:36.530442035,Customer_288,North,Healthy,Salad,3,565,1695
1097,2023-01-30 03:27:46.388657214,Customer_276,South,Asian,Tacos,5,188,940
1098,2023-01-30 10:44:56.246872393,Customer_135,North,Main Course,Pizza,2,367,734
1099,2023-01-30 18:02:06.105087573,Customer_300,North,Main Course,Pasta,2,754,1508
1100,2023-01-31 01:19:15.963302752,Customer_220,South,Main Course,Pasta,1,670,670
1101,2023-01-31 08:36:25.821517931,Customer_299,West,Healthy,Sandwich,4,588,2352
1102,2023-01-31 15:53:35.679733111,Customer_205,West,Fast Food,Sushi,1,976,976
1103,2023-01-31 23:10:45.537948290,Customer_186,West,Continental,Tacos,4,637,2548
1104,2023-02-01 06:27:55.396163469,Customer_113,East,Continental,Steak,2,146,292
1105,2023-02-01 13:45:05.254378649,Customer_71,South,Continental,Curry,1,387,387
1106,2023-02-01 21:02:15.112593828,Customer_261,East,Continental,Pasta,5,877,4385
1107,2023-02-02 04:19:24.970809007,Customer_253,East,Continental,Sushi,3,115,345
1108,2023-02-02 11:36:34.829024187,Customer_47,East,Fast Food,Pasta,4,810,3240
1109,2023-02-02 18:53:44.687239366,Customer_25,North,Asian,Burger,3,500,1500
1110,2023-02-03 02:10:54.545454545,Customer_57,North,Healthy,Curry,3,893,2679
1111,2023-02-03 09:28:04.403669725,Customer_79,South,Asian,Sushi,1,185,185
1112,2023-02-03 16:45:14.261884904,Customer_82,South,Asian,Pasta,3,349,1047
1113,2023-02-04 00:02:24.120100083,Customer_217,North,Continental,Sushi,5,490,2450
1114,2023-02-04 07:19:33.978315263,Customer_33,North,Continental,Pizza,3,881,2643
1115,2023-02-04 14:36:43.836530442,Customer_198,East,Fast Food,Pizza,1,434,434
1116,2023-02-04 21:53:53.694745621,Customer_196,West,Healthy,Curry,5,728,3640
1117,2023-02-05 05:11:03.552960800,Customer_240,West,Main Course,Salad,2,618,1236
1118,2023-02-05 12:28:13.411175980,Customer_271,West,Asian,Sandwich,3,236,708
1119,2023-02-05 19:45:23.269391159,Customer_129,West,Main Course,Pasta,1,982,982
1120,2023-02-06 03:02:33.127606338,Customer_284,West,Healthy,Steak,2,787,1574
1121,2023-02-06 10:19:42.985821518,Customer_6,East,Asian,Pasta,2,939,1878
1122,2023-02-06 17:36:52.844036697,Customer_59,South,Main Course,Curry,4,597,2388
1123,2023-02-07 00:54:02.702251876,Customer_275,North,Main Course,Burger,5,926,4630
1124,2023-02-07 08:11:12.560467056,Customer_137,East,Fast Food,Pasta,3,826,2478
1125,2023-02-07 15:28:22.418682235,Customer_175,West,Healthy,Steak,1,576,576
1126,2023-02-07 22:45:32.276897414,Customer_58,North,Healthy,Tacos,4,693,2772
1127,2023-02-08 06:02:42.135112594,Customer_151,East,Healthy,Tacos,5,322,1610
1128,2023-02-08 13:19:51.993327773,Customer_223,West,Asian,Tacos,4,471,1884
1129,2023-02-08 20:37:01.851542952,Customer_81,East,Fast Food,Tacos,5,501,2505
1130,2023-02-09 03:54:11.709758132,Customer_233,North,Continental,Curry,5,542,2710
1131,2023-02-09 11:11:21.567973311,Customer_2,South,Asian,Tacos,3,589,1767
1132,2023-02-09 18:28:31.426188490,Customer_135,West,Healthy,Pizza,5,714,3570
1133,2023-02-10 01:45:41.284403670,Customer_257,North,Asian,Pizza,4,372,1488
1134,2023-02-10 09:02:51.142618849,Customer_92,North,Main Course,Noodles,5,625,3125
1135,2023-02-10 16:20:01.000834028,Customer_260,South,Asian,Sandwich,3,258,774
1136,2023-02-10 23:37:10.859049207,Customer_55,East,Asian,Sushi,3,251,753
1137,2023-02-11 06:54:20.717264387,Customer_153,South,Healthy,Pizza,4,719,2876
1138,2023-02-11 14:11:30.575479566,Customer_260,South,Main Course,Sushi,2,287,574
1139,2023-02-11 21:28:40.433694745,Customer_102,East,Healthy,Noodles,2,912,1824
1140,2023-02-12 04:45:50.291909925,Customer_79,East,Main Course,Sandwich,5,197,985
1141,2023-02-12 12:03:00.150125104,Customer_192,East,Main Course,Pizza,1,230,230
1142,2023-02-12 19:20:10.008340283,Customer_83,North,Main Course,Pizza,5,904,4520
1143,2023-02-13 02:37:19.866555463,Customer_277,North,Healthy,Sandwich,4,270,1080
1144,2023-02-13 09:54:29.724770642,Customer_272,West,Main Course,Sandwich,4,282,1128
1145,2023-02-13 17:11:39.582985821,Customer_1,West,Fast Food,Sushi,4,463,1852
1146,2023-02-14 00:28:49.441201001,Customer_166,South,Fast Food,Salad,4,138,552
1147,2023-02-14 07:45:59.299416180,Customer_251,South,Continental,Pasta,4,626,2504
1148,2023-02-14 15:03:09.157631359,Customer_10,West,Fast Food,Burger,3,987,2961
1149,2023-02-14 22:20:19.015846539,Customer_58,South,Continental,Tacos,2,596,1192
1150,2023-02-15 05:37:28.874061718,Customer_186,East,Fast Food,Noodles,4,615,2460
1151,2023-02-15 12:54:38.732276897,Customer_158,North,Healthy,Steak,1,448,448
1152,2023-02-15 20:11:48.590492077,Customer_123,West,Continental,Salad,1,496,496
1153,2023-02-16 03:28:58.448707256,Customer_30,North,Asian,Pasta,1,821,821
1154,2023-02-16 10:46:08.306922435,Customer_124,West,Asian,Burger,1,260,260
1155,2023-02-16 18:03:18.165137614,Customer_291,North,Fast Food,Pizza,3,115,345
1156,2023-02-17 01:20:28.023352794,Customer_41,West,Asian,Salad,1,592,592
1157,2023-02-17 08:37:37.881567973,Customer_44,North,Fast Food,Salad,4,525,2100
1158,2023-02-17 15:54:47.739783152,Customer_249,East,Fast Food,Curry,5,207,1035
1159,2023-02-17 23:11:57.597998332,Customer_36,West,Asian,Noodles,1,993,993
1160,2023-02-18 06:29:07.456213511,Customer_273,West,Asian,Steak,3,549,1647
1161,2023-02-18 13:46:17.314428690,Customer_65,West,Main Course,Noodles,3,410,1230
1162,2023-02-18 21:03:27.172643870,Customer_66,East,Continental,Sushi,1,838,838
1163,2023-02-19 04:20:37.030859049,Customer_244,North,Fast Food,Tacos,5,269,1345
1164,2023-02-19 11:37:46.889074228,Customer_282,West,Asian,Pasta,1,645,645
1165,2023-02-19 18:54:56.747289408,Customer_85,North,Continental,Sushi,3,513,1539
1166,2023-02-20 02:12:06.605504587,Customer_136,East,Asian,Curry,2,350,700
1167,2023-02-20 09:29:16.463719766,Customer_271,South,Asian,Sushi,4,858,3432
1168,2023-02-20 16:46:26.321934946,Customer_217,West,Main Course,Sandwich,3,880,2640
1169,2023-02-21 00:03:36.180150125,Customer_109,East,Fast Food,Pasta,1,240,240
1170,2023-02-21 07:20:46.038365304,Customer_277,North,Fast Food,Tacos,4,373,1492
1171,2023-02-21 14:37:55.896580484,Customer_103,West,Healthy,Pizza,1,515,515
1172,2023-02-21 21:55:05.754795663,Customer_160,North,Main Course,Sandwich,1,707,707
1173,2023-02-22 05:12:15.613010842,Customer_205,South,Continental,Sandwich,2,838,1676
1174,2023-02-22 12:29:25.471226022,Customer_192,West,Main Course,Pasta,4,990,3960
1175,2023-02-22 19:46:35.329441201,Customer_225,West,Continental,Sandwich,4,138,552
1176,2023-02-23 03:03:45.187656380,Customer_265,North,Fast Food,Pizza,2,913,1826
1177,2023-02-23 10:20:55.045871560,Customer_232,West,Healthy,Steak,3,128,384
1178,2023-02-23 17:38:04.904086739,Customer_62,East,Healthy,Noodles,1,576,576
1179,2023-02-24 00:55:14.762301918,Customer_127,East,Fast Food,Pasta,5,417,2085
1180,2023-02-24 08:12:24.620517098,Customer_116,South,Asian,Burger,1,344,344
1181,2023-02-24 15:29:34.478732277,Customer_33,East,Main Course,Sushi,1,847,847
1182,2023-02-24 22:46:44.336947456,Customer_174,South,Healthy,Pizza,3,796,2388
1183,2023-02-25 06:03:54.195162636,Customer_11,North,Asian,Tacos,1,371,371
1184,2023-02-25 13:21:04.053377815,Customer_284,North,Continental,Salad,2,539,1078
1185,2023-02-25 20:38:13.911592994,Customer_118,South,Healthy,Noodles,2,847,1694
1186,2023-02-26 03:55:23.769808174,Customer_113,East,Continental,Steak,4,338,1352
1187,2023-02-26 11:12:33.628023353,Customer_4,East,Asian,Pizza,5,476,2380
1188,2023-02-26 18:29:43.486238532,Customer_37,South,Continental,Steak,1,365,365
1189,2023-02-27 01:46:53.344453711,Customer_31,South,Asian,Pizza,1,458,458
1190,2023-02-27 09:04:03.202668891,Customer_118,North,Continental,Burger,3,439,1317
1191,2023-02-27 16:21:13.060884070,Customer_35,South,Main Course,Pizza,2,488,976
1192,2023-02-27 23:38:22.919099249,Customer_17,East,Healthy,Pizza,5,676,3380
1193,2023-02-28 06:55:32.777314429,Customer_170,South,Healthy,Burger,4,788,3152
1194,2023-02-28 14:12:42.635529608,Customer_37,South,Asian,Tacos,2,102,204
1195,2023-02-28 21:29:52.493744787,Customer_264,South,Continental,Curry,4,528,2112
1196,2023-03-01 04:47:02.351959967,Customer_122,North,Fast Food,Tacos,3,241,723
1197,2023-03-01 12:04:12.210175146,Customer_143,South,Healthy,Burger,3,475,1425
1198,2023-03-01 19:21:22.068390325,Customer_249,West,Continental,Noodles,1,769,769
1199,2023-03-02 02:38:31.926605505,Customer_110,West,Continental,Salad,5,423,2115
1200,2023-03-02 09:55:41.784820684,Customer_277,West,Main Course,Curry,4,245,980
1201,2023-03-02 17:12:51.643035863,Customer_68,East,Fast Food,Pasta,2,392,784
1202,2023-03-03 00:30:01.501251043,Customer_293,East,Healthy,Sandwich,3,764,2292
1203,2023-03-03 07:47:11.359466222,Customer_296,South,Main Course,Pizza,1,531,531
1204,2023-03-03 15:04:21.217681401,Customer_243,West,Fast Food,Salad,1,804,804
1205,2023-03-03 22:21:31.075896581,Customer_125,North,Healthy,Tacos,4,684,2736
1206,2023-03-04 05:38:40.934111760,Customer_243,West,Main Course,Burger,3,498,1494
1207,2023-03-04 12:55:50.792326939,Customer_209,West,Fast Food,Noodles,5,916,4580
1208,2023-03-04 20:13:00.650542118,Customer_98,East,Healthy,Salad,3,988,2964
1209,2023-03-05 03:30:10.508757298,Customer_49,East,Fast Food,Steak,4,443,1772
1210,2023-03-05 10:47:20.366972477,Customer_50,North,Continental,Steak,4,239,956
1211,2023-03-05 18:04:30.225187656,Customer_221,East,Asian,Pasta,3,286,858
1212,2023-03-06 01:21:40.083402836,Customer_182,North,Asian,Tacos,4,904,3616
1213,2023-03-06 08:38:49.941618015,Customer_217,East,Continental,Burger,3,160,480
1214,2023-03-06 15:55:59.799833194,Customer_211,West,Fast Food,Noodles,2,479,958
1215,2023-03-06 23:13:09.658048374,Customer_240,West,Continental,Steak,3,809,2427
1216,2023-03-07 06:30:19.516263553,Customer_28,North,Asian,Burger,3,906,2718
1217,2023-03-07 13:47:29.374478732,Customer_51,North,Asian,Salad,4,539,2156
1218,2023-03-07 21:04:39.232693912,Customer_32,East,Fast Food,Burger,4,418,1672
1219,2023-03-08 04:21:49.090909091,Customer_207,East,Asian,Burger,1,401,401
1220,2023-03-08 11:38:58.949124270,Customer_174,North,Continental,Curry,1,443,443
1221,2023-03-08 18:56:08.807339450,Customer_56,North,Fast Food,Sandwich,2,110,220
1222,2023-03-09 02:13:18.665554629,Customer_128,West,Continental,Steak,1,161,161
1223,2023-03-09 09:30:28.523769808,Customer_99,West,Fast Food,Sandwich,3,944,2832
1224,2023-03-09 16:47:38.381984988,Customer_98,North,Asian,Salad,4,325,1300
1225,2023-03-10 00:04:48.240200167,Customer_275,West,Healthy,Noodles,1,252,252
1226,2023-03-10 07:21:58.098415346,Customer_230,South,Fast Food,Sandwich,1,810,810
1227,2023-03-10 14:39:07.956630526,Customer_72,East,Fast Food,Sushi,2,663,1326
1228,2023-03-10 21:56:17.814845705,Customer_217,West,Healthy,Tacos,2,871,1742
1229,2023-03-11 05:13:27.673060884,Customer_94,South,Asian,Salad,3,670,2010
1230,2023-03-11 12:30:37.531276063,Customer_143,North,Continental,Pasta,4,683,2732
1231,2023-03-11 19:47:47.389491243,Customer_237,West,Main Course,Pizza,2,759,1518
1232,2023-03-12 03:04:57.247706422,Customer_128,North,Healthy,Noodles,1,960,960
1233,2023-03-12 10:22:07.105921601,Customer_39,East,Main Course,Curry,4,674,2696
1234,2023-03-12 17:39:16.964136781,Customer_227,North,Asian,Sandwich,4,409,1636
1235,2023-03-13 00:56:26.822351960,Customer_282,South,Fast Food,Curry,1,984,984
1236,2023-03-13 08:13:36.680567139,Customer_51,North,Fast Food,Sushi,2,342,684
1237,2023-03-13 15:30:46.538782319,Customer_26,South,Asian,Sandwich,1,592,592
1238,2023-03-13 22:47:56.396997498,Customer_277,West,Continental,Pizza,4,465,1860
1239,2023-03-14 06:05:06.255212677,Customer_8,West,Continental,Pizza,5,429,2145
1240,2023-03-14 13:22:16.113427857,Customer_48,South,Asian,Burger,5,206,1030
1241,2023-03-14 20:39:25.971643036,Customer_122,East,Asian,Burger,3,325,975
1242,2023-03-15 03:56:35.829858215,Customer_86,East,Asian,Steak,1,924,924
1243,2023-03-15 11:13:45.688073395,Customer_209,East,Asian,Curry,1,317,317
1244,2023-03-15 18:30:55.546288574,Customer_249,West,Asian,Pasta,3,852,2556
1245,2023-03-16 01:48:05.404503753,Customer_247,West,Asian,Burger,3,605,1815
1246,2023-03-16 09:05:15.262718933,Customer_110,East,Fast Food,Noodles,3,358,1074
1247,2023-03-16 16:22:25.120934112,Customer_206,North,Main Course,Burger,4,987,3948
1248,2023-03-16 23:39:34.979149291,Customer_31,East,Continental,Burger,1,873,873
1249,2023-03-17 06:56:44.837364470,Customer_85,North,Main Course,Salad,4,616,2464
1250,2023-03-17 14:13:54.695579650,Customer_195,East,Fast Food,Sandwich,3,872,2616
1251,2023-03-17 21:31:04.553794829,Customer_2,North,Healthy,Curry,1,153,153
1252,2023-03-18 04:48:14.412010008,Customer_200,West,Main Course,Salad,4,146,584
1253,2023-03-18 12:05:24.270225188,Customer_136,East,Healthy,Salad,4,826,3304
1254,2023-03-18 19:22:34.128440367,Customer_233,East,Fast Food,Curry,3,788,2364
1255,2023-03-19 02:39:43.986655546,Customer_147,South,Continental,Pizza,1,620,620
1256,2023-03-19 09:56:53.844870726,Customer_217,East,Healthy,Burger,3,198,594
1257,2023-03-19 17:14:03.703085905,Customer_285,North,Fast Food,Pasta,1,119,119
1258,2023-03-20 00:31:13.561301084,Customer_250,South,Asian,Pizza,5,989,4945
1259,2023-03-20 07:48:23.419516264,Customer_80,East,Continental,Salad,2,852,1704
1260,2023-03-20 15:05:33.277731443,Customer_98,East,Asian,Sushi,2,672,1344
1261,2023-03-20 22:22:43.135946622,Customer_152,West,Continental,Sushi,2,990,1980
1262,2023-03-21 05:39:52.994161802,Customer_112,South,Continental,Tacos,3,589,1767
1263,2023-03-21 12:57:02.852376981,Customer_30,North,Main Course,Burger,5,518,2590
1264,2023-03-21 20:14:12.710592160,Customer_297,East,Continental,Burger,1,789,789
1265,2023-03-22 03:31:22.568807340,Customer_278,West,Main Course,Pizza,4,949,3796
1266,2023-03-22 10:48:32.427022519,Customer_32,East,Healthy,Pizza,1,161,161
1267,2023-03-22 18:05:42.285237698,Customer_161,South,Continental,Pasta,4,244,976
1268,2023-03-23 01:22:52.143452877,Customer_30,North,Healthy,Pasta,1,315,315
1269,2023-03-23 08:40:02.001668057,Customer_26,West,Continental,Sushi,5,102,510
1270,2023-03-23 15:57:11.859883236,Customer_300,East,Main Course,Sushi,4,259,1036
1271,2023-03-23 23:14:21.718098415,Customer_245,North,Asian,Curry,3,838,2514
1272,2023-03-24 06:31:31.576313595,Customer_258,East,Continental,Steak,1,880,880
1273,2023-03-24 13:48:41.434528774,Customer_272,East,Fast Food,Salad,1,219,219
1274,2023-03-24 21:05:51.292743953,Customer_81,South,Asian,Burger,4,992,3968
1275,2023-03-25 04:23:01.150959133,Customer_30,South,Main Course,Sushi,3,188,564
1276,2023-03-25 11:40:11.009174312,Customer_261,East,Fast Food,Sushi,3,428,1284
1277,2023-03-25 18:57:20.867389491,Customer_42,West,Healthy,Pasta,5,679,3395
1278,2023-03-26 02:14:30.725604671,Customer_96,South,Main Course,Burger,3,456,1368
1279,2023-03-26 09:31:40.583819850,Customer_36,South,Asian,Tacos,3,709,2127
1280,2023-03-26 16:48:50.442035029,Customer_35,South,Healthy,Tacos,3,366,1098
1281,2023-03-27 00:06:00.300250209,Customer_121,South,Healthy,Curry,2,716,1432
1282,2023-03-27 07:23:10.158465388,Customer_207,North,Main Course,Salad,5,422,2110
1283,2023-03-27 14:40:20.016680567,Customer_62,East,Asian,Tacos,1,734,734
1284,2023-03-27 21:57:29.874895747,Customer_292,North,Main Course,Curry,4,640,2560
1285,2023-03-28 05:14:39.733110926,Customer_127,North,Fast Food,Tacos,1,748,748
1286,2023-03-28 12:31:49.591326105,Customer_297,East,Fast Food,Pasta,5,294,1470
1287,2023-03-28 19:48:59.449541284,Customer_21,South,Continental,Burger,4,837,3348
1288,2023-03-29 03:06:09.307756464,Customer_42,West,Healthy,Pasta,5,431,2155
1289,2023-03-29 10:23:19.165971643,Customer_215,South,Continental,Pizza,3,269,807
1290,2023-03-29 17:40:29.024186822,Customer_299,South,Asian,Pasta,4,620,2480
1291,2023-03-30 00:57:38.882402002,Customer_290,South,Fast Food,Burger,3,562,1686
1292,2023-03-30 08:14:48.740617181,Customer_268,South,Continental,Tacos,1,139,139
1293,2023-03-30 15:31:58.598832360,Customer_162,West,Fast Food,Steak,1,636,636
1294,2023-03-30 22:49:08.457047540,Customer_134,North,Fast Food,Curry,4,360,1440
1295,2023-03-31 06:06:18.315262719,Customer_105,West,Fast Food,Steak,4,494,1976
1296,2023-03-31 13:23:28.173477898,Customer_161,East,Main Course,Curry,5,325,1625
1297,2023-03-31 20:40:38.031693078,Customer_123,South,Continental,Pasta,5,223,1115
1298,2023-04-01 03:57:47.889908257,Customer_136,West,Healthy,Steak,3,137,411
1299,2023-04-01 11:14:57.748123436,Customer_203,East,Continental,Tacos,4,427,1708
1300,2023-04-01 18:32:07.606338616,Customer_68,West,Healthy,Sushi,1,350,350
1301,2023-04-02 01:49:17.464553795,Customer_154,South,Continental,Steak,5,275,1375
1302,2023-04-02 09:06:27.322768974,Customer_235,South,Continental,Pizza,5,701,3505
1303,2023-04-02 16:23:37.180984154,Customer_162,East,Fast Food,Pasta,1,553,553
1304,2023-04-02 23:40:47.039199333,Customer_38,West,Healthy,Curry,5,136,680
1305,2023-04-03 06:57:56.897414512,Customer_5,South,Healthy,Curry,3,415,1245
1306,2023-04-03 14:15:06.755629692,Customer_235,East,Healthy,Burger,4,787,3148
1307,2023-04-03 21:32:16.613844871,Customer_289,West,Continental,Tacos,1,895,895
1308,2023-04-04 04:49:26.472060050,Customer_52,West,Healthy,Curry,4,692,2768
1309,2023-04-04 12:06:36.330275229,Customer_38,East,Continental,Pizza,5,213,1065
1310,2023-04-04 19:23:46.188490409,Customer_276,West,Main Course,Burger,5,139,695
1311,2023-04-05 02:40:56.046705588,Customer_110,West,Fast Food,Salad,1,400,400
1312,2023-04-05 09:58:05.904920767,Customer_260,South,Asian,Sushi,3,323,969
1313,2023-04-05 17:15:15.763135947,Customer_136,South,Main Course,Pizza,2,417,834
1314,2023-04-06 00:32:25.621351126,Customer_68,South,Healthy,Noodles,1,448,448
1315,2023-04-06 07:49:35.479566305,Customer_179,East,Fast Food,Steak,2,214,428
1316,2023-04-06 15:06:45.337781485,Customer_36,North,Fast Food,Steak,2,797,1594
1317,2023-04-06 22:23:55.195996664,Customer_126,West,Fast Food,Sandwich,3,422,1266
1318,2023-04-07 05:41:05.054211843,Customer_190,East,Fast Food,Sushi,2,667,1334
1319,2023-04-07 12:58:14.912427023,Customer_146,North,Healthy,Noodles,2,139,278
1320,2023-04-07 20:15:24.770642202,Customer_81,North,Fast Food,Noodles,3,965,2895
1321,2023-04-08 03:32:34.628857381,Customer_225,East,Asian,Steak,2,139,278
1322,2023-04-08 10:49:44.487072561,Customer_279,North,Asian,Burger,2,958,1916
1323,2023-04-08 18:06:54.345287740,Customer_155,South,Fast Food,Tacos,2,848,1696
1324,2023-04-09 01:24:04.203502919,Customer_271,East,Continental,Sandwich,1,388,388
1325,2023-04-09 08:41:14.061718099,Customer_5,West,Healthy,Curry,1,361,361
1326,2023-04-09 15:58:23.919933278,Customer_284,South,Asian,Sushi,1,315,315
1327,2023-04-09 23:15:33.778148457,Customer_154,West,Asian,Tacos,3,246,738
1328,2023-04-10 06:32:43.636363636,Customer_54,North,Asian,Pasta,5,435,2175
1329,2023-04-10 13:49:53.494578816,Customer_69,South,Main Course,Noodles,2,267,534
1330,2023-04-10 21:07:03.352793995,Customer_136,West,Main Course,Steak,2,191,382
1331,2023-04-11 04:24:13.211009174,Customer_60,East,Asian,Pizza,3,452,1356
1332,2023-04-11 11:41:23.069224354,Customer_55,North,Continental,Pizza,2,670,1340
1333,2023-04-11 18:58:32.927439533,Customer_284,West,Healthy,Pasta,1,670,670
1334,2023-04-12 02:15:42.785654712,Customer_80,North,Healthy,Noodles,5,915,4575
1335,2023-04-12 09:32:52.643869892,Customer_140,West,Asian,Curry,4,780,3120
1336,2023-04-12 16:50:02.502085071,Customer_145,East,Asian,Curry,2,880,1760
1337,2023-04-13 00:07:12.360300250,Customer_108,South,Healthy,Pasta,1,462,462
1338,2023-04-13 07:24:22.218515430,Customer_176,West,Continental,Burger,4,656,2624
1339,2023-04-13 14:41:32.076730609,Customer_105,North,Main Course,Curry,5,444,2220
1340,2023-04-13 21:58:41.934945788,Customer_136,East,Main Course,Sushi,4,792,3168
1341,2023-04-14 05:15:51.793160968,Customer_259,South,Asian,Sandwich,1,269,269
1342,2023-04-14 12:33:01.651376147,Customer_251,North,Healthy,Sushi,4,455,1820
1343,2023-04-14 19:50:11.509591326,Customer_129,East,Main Course,Salad,3,290,870
1344,2023-04-15 03:07:21.367806506,Customer_27,North,Continental,Pizza,4,766,3064
1345,2023-04-15 10:24:31.226021684,Customer_48,East,Asian,Noodles,2,521,1042
1346,2023-04-15 17:41:41.084236864,Customer_217,South,Fast Food,Sandwich,2,799,1598
1347,2023-04-16 00:58:50.942452044,Customer_142,South,Asian,Noodles,3,106,318
1348,2023-04-16 08:16:00.800667222,Customer_23,North,Fast Food,Tacos,1,232,232
1349,2023-04-16 15:33:10.658882402,Customer_2,East,Asian,Tacos,2,846,1692
1350,2023-04-16 22:50:20.517097582,Customer_171,West,Healthy,Sandwich,5,656,3280
1351,2023-04-17 06:07:30.375312760,Customer_67,South,Healthy,Burger,2,925,1850
1352,2023-04-17 13:24:40.233527940,Customer_135,West,Healthy,Curry,2,860,1720
1353,2023-04-17 20:41:50.091743120,Customer_83,West,Healthy,Curry,1,130,130
1354,2023-04-18 03:58:59.949958298,Customer_227,North,Continental,Steak,4,634,2536
1355,2023-04-18 11:16:09.808173478,Customer_283,North,Continental,Curry,2,525,1050
1356,2023-04-18 18:33:19.666388658,Customer_219,North,Fast Food,Burger,3,493,1479
1357,2023-04-19 01:50:29.524603836,Customer_288,East,Continental,Curry,4,771,3084
1358,2023-04-19 09:07:39.382819016,Customer_5,South,Asian,Curry,5,462,2310
1359,2023-04-19 16:24:49.241034196,Customer_58,South,Healthy,Sushi,1,536,536
1360,2023-04-19 23:41:59.099249374,Customer_39,West,Main Course,Burger,5,769,3845
1361,2023-04-20 06:59:08.957464554,Customer_77,North,Main Course,Curry,4,650,2600
1362,2023-04-20 14:16:18.815679734,Customer_280,East,Main Course,Pizza,4,181,724
1363,2023-04-20 21:33:28.673894912,Customer_19,South,Asian,Burger,4,455,1820
1364,2023-04-21 04:50:38.532110092,Customer_190,East,Main Course,Tacos,5,357,1785
1365,2023-04-21 12:07:48.390325272,Customer_299,North,Main Course,Tacos,4,817,3268
1366,2023-04-21 19:24:58.248540450,Customer_283,North,Fast Food,Pizza,5,688,3440
1367,2023-04-22 02:42:08.106755630,Customer_76,South,Asian,Noodles,4,623,2492
1368,2023-04-22 09:59:17.964970810,Customer_221,West,Asian,Noodles,3,394,1182
1369,2023-04-22 17:16:27.823185988,Customer_66,West,Main Course,Pizza,4,323,1292
1370,2023-04-23 00:33:37.681401168,Customer_22,North,Asian,Burger,5,624,3120
1371,2023-04-23 07:50:47.539616348,Customer_158,North,Fast Food,Steak,2,145,290
1372,2023-04-23 15:07:57.397831526,Customer_187,West,Fast Food,Steak,4,766,3064
1373,2023-04-23 22:25:07.256046706,Customer_21,North,Healthy,Salad,2,212,424
1374,2023-04-24 05:42:17.114261886,Customer_184,South,Fast Food,Noodles,3,332,996
1375,2023-04-24 12:59:26.972477064,Customer_108,South,Healthy,Noodles,1,116,116
1376,2023-04-24 20:16:36.830692244,Customer_128,East,Main Course,Sandwich,3,459,1377
1377,2023-04-25 03:33:46.688907422,Customer_53,West,Healthy,Curry,4,322,1288
1378,2023-04-25 10:50:56.547122602,Customer_182,North,Healthy,Sushi,2,965,1930
1379,2023-04-25 18:08:06.405337782,Customer_287,East,Main Course,Sushi,2,799,1598
1380,2023-04-26 01:25:16.263552960,Customer_209,South,Healthy,Pizza,5,547,2735
1381,2023-04-26 08:42:26.121768140,Customer_80,West,Fast Food,Sandwich,2,955,1910
1382,2023-04-26 15:59:35.979983320,Customer_122,South,Main Course,Curry,5,464,2320
1383,2023-04-26 23:16:45.838198498,Customer_84,North,Asian,Sushi,1,774,774
1384,2023-04-27 06:33:55.696413678,Customer_91,East,Healthy,Noodles,4,425,1700
1385,2023-04-27 13:51:05.554628858,Customer_212,North,Fast Food,Steak,5,566,2830
1386,2023-04-27 21:08:15.412844036,Customer_13,North,Asian,Steak,1,513,513
1387,2023-04-28 04:25:25.271059216,Customer_92,West,Main Course,Curry,2,554,1108
1388,2023-04-28 11:42:35.129274396,Customer_171,West,Main Course,Sushi,2,685,1370
1389,2023-04-28 18:59:44.987489574,Customer_211,North,Main Course,Curry,1,332,332
1390,2023-04-29 02:16:54.845704754,Customer_128,West,Fast Food,Burger,2,323,646
1391,2023-04-29 09:34:04.703919934,Customer_137,East,Asian,Burger,1,930,930
1392,2023-04-29 16:51:14.562135112,Customer_82,East,Main Course,Sandwich,5,511,2555
1393,2023-04-30 00:08:24.420350292,Customer_56,North,Fast Food,Pizza,5,671,3355
1394,2023-04-30 07:25:34.278565472,Customer_196,East,Continental,Sushi,1,434,434
1395,2023-04-30 14:42:44.136780650,Customer_20,North,Fast Food,Sushi,5,321,1605
1396,2023-04-30 21:59:53.994995830,Customer_241,East,Continental,Salad,5,136,680
1397,2023-05-01 05:17:03.853211010,Customer_114,South,Asian,Noodles,5,377,1885
1398,2023-05-01 12:34:13.711426188,Customer_103,North,Main Course,Noodles,3,295,885
1399,2023-05-01 19:51:23.569641368,Customer_236,East,Main Course,Sushi,4,963,3852
1400,2023-05-02 03:08:33.427856548,Customer_180,South,Healthy,Burger,2,583,1166
1401,2023-05-02 10:25:43.286071726,Customer_157,North,Main Course,Pizza,3,341,1023
1402,2023-05-02 17:42:53.144286906,Customer_117,East,Asian,Pasta,5,423,2115
1403,2023-05-03 01:00:03.002502086,Customer_115,East,Fast Food,Curry,1,830,830
1404,2023-05-03 08:17:12.860717264,Customer_13,South,Asian,Pasta,5,291,1455
1405,2023-05-03 15:34:22.718932444,Customer_99,West,Main Course,Tacos,4,116,464
1406,2023-05-03 22:51:32.577147624,Customer_205,West,Fast Food,Burger,5,623,3115
1407,2023-05-04 06:08:42.435362802,Customer_169,South,Asian,Salad,1,500,500
1408,2023-05-04 13:25:52.293577982,Customer_143,South,Main Course,Steak,4,985,3940
1409,2023-05-04 20:43:02.151793162,Customer_36,North,Main Course,Sandwich,5,804,4020
1410,2023-05-05 04:00:12.010008340,Customer_143,West,Main Course,Sandwich,4,121,484
1411,2023-05-05 11:17:21.868223520,Customer_180,North,Healthy,Burger,2,573,1146
1412,2023-05-05 18:34:31.726438700,Customer_261,East,Healthy,Tacos,2,219,438
1413,2023-05-06 01:51:41.584653878,Customer_205,South,Healthy,Sandwich,5,309,1545
1414,2023-05-06 09:08:51.442869058,Customer_275,North,Fast Food,Curry,4,405,1620
1415,2023-05-06 16:26:01.301084236,Customer_170,South,Asian,Sandwich,1,369,369
1416,2023-05-06 23:43:11.159299416,Customer_15,North,Fast Food,Sushi,5,803,4015
1417,2023-05-07 07:00:21.017514596,Customer_60,East,Fast Food,Burger,2,786,1572
1418,2023-05-07 14:17:30.875729774,Customer_134,East,Main Course,Tacos,2,384,768
1419,2023-05-07 21:34:40.733944954,Customer_92,West,Continental,Pizza,5,815,4075
1420,2023-05-08 04:51:50.592160134,Customer_298,West,Continental,Steak,4,775,3100
1421,2023-05-08 12:09:00.450375312,Customer_136,East,Main Course,Burger,2,862,1724
1422,2023-05-08 19:26:10.308590492,Customer_20,North,Continental,Curry,4,326,1304
1423,2023-05-09 02:43:20.166805672,Customer_56,South,Fast Food,Curry,2,480,960
1424,2023-05-09 10:00:30.025020850,Customer_223,East,Asian,Steak,2,559,1118
1425,2023-05-09 17:17:39.883236030,Customer_177,East,Healthy,Noodles,3,106,318
1426,2023-05-10 00:34:49.741451210,Customer_161,North,Fast Food,Pasta,2,128,256
1427,2023-05-10 07:51:59.599666388,Customer_224,East,Fast Food,Curry,1,132,132
1428,2023-05-10 15:09:09.457881568,Customer_262,East,Asian,Pizza,5,745,3725
1429,2023-05-10 22:26:19.316096748,Customer_60,North,Continental,Noodles,5,978,4890
1430,2023-05-11 05:43:29.174311926,Customer_198,East,Asian,Pizza,4,178,712
1431,2023-05-11 13:00:39.032527106,Customer_296,West,Fast Food,Noodles,2,558,1116
1432,2023-05-11 20:17:48.890742286,Customer_98,West,Main Course,Tacos,1,669,669
1433,2023-05-12 03:34:58.748957464,Customer_131,West,Main Course,Steak,4,637,2548
1434,2023-05-12 10:52:08.607172644,Customer_23,West,Fast Food,Curry,3,581,1743
1435,2023-05-12 18:09:18.465387824,Customer_224,East,Main Course,Noodles,4,529,2116
1436,2023-05-13 01:26:28.323603002,Customer_1,South,Continental,Pasta,4,837,3348
1437,2023-05-13 08:43:38.181818182,Customer_267,West,Asian,Steak,2,384,768
1438,2023-05-13 16:00:48.040033362,Customer_276,West,Healthy,Pasta,3,615,1845
1439,2023-05-13 23:17:57.898248540,Customer_101,East,Asian,Pasta,4,198,792
1440,2023-05-14 06:35:07.756463720,Customer_187,East,Healthy,Burger,1,496,496
1441,2023-05-14 13:52:17.614678900,Customer_221,North,Fast Food,Tacos,1,588,588
1442,2023-05-14 21:09:27.472894078,Customer_36,West,Fast Food,Steak,5,138,690
1443,2023-05-15 04:26:37.331109258,Customer_170,North,Healthy,Steak,3,370,1110
1444,2023-05-15 11:43:47.189324438,Customer_161,West,Main Course,Sushi,3,986,2958
1445,2023-05-15 19:00:57.047539616,Customer_64,South,Fast Food,Noodles,5,896,4480
1446,2023-05-16 02:18:06.905754796,Customer_154,East,Continental,Tacos,4,256,1024
1447,2023-05-16 09:35:16.763969976,Customer_260,East,Continental,Tacos,3,174,522
1448,2023-05-16 16:52:26.622185154,Customer_159,North,Continental,Steak,1,983,983
1449,2023-05-17 00:09:36.480400334,Customer_210,North,Continental,Sandwich,1,899,899
1450,2023-05-17 07:26:46.338615514,Customer_168,East,Healthy,Salad,2,229,458
1451,2023-05-17 14:43:56.196830692,Customer_207,East,Main Course,Tacos,3,786,2358
1452,2023-05-17 22:01:06.055045872,Customer_152,East,Healthy,Sushi,4,183,732
1453,2023-05-18 05:18:15.913261052,Customer_284,West,Fast Food,Salad,5,121,605
1454,2023-05-18 12:35:25.771476230,Customer_66,West,Continental,Curry,5,558,2790
1455,2023-05-18 19:52:35.629691410,Customer_99,South,Continental,Pasta,4,638,2552
1456,2023-05-19 03:09:45.487906588,Customer_216,West,Continental,Pasta,2,806,1612
1457,2023-05-19 10:26:55.346121768,Customer_195,East,Fast Food,Tacos,5,948,4740
1458,2023-05-19 17:44:05.204336948,Customer_90,West,Asian,Steak,3,481,1443
1459,2023-05-20 01:01:15.062552126,Customer_292,North,Healthy,Noodles,2,847,1694
1460,2023-05-20 08:18:24.920767306,Customer_155,East,Main Course,Salad,3,539,1617
1461,2023-05-20 15:35:34.778982486,Customer_208,West,Fast Food,Noodles,1,703,703
1462,2023-05-20 22:52:44.637197664,Customer_281,East,Asian,Sushi,2,120,240
1463,2023-05-21 06:09:54.495412844,Customer_1,North,Asian,Noodles,5,402,2010
1464,2023-05-21 13:27:04.353628024,Customer_156,North,Main Course,Sandwich,2,968,1936
1465,2023-05-21 20:44:14.211843202,Customer_147,West,Fast Food,Sandwich,2,183,366
1466,2023-05-22 04:01:24.070058382,Customer_108,East,Asian,Sandwich,2,873,1746
1467,2023-05-22 11:18:33.928273562,Customer_221,South,Continental,Steak,2,758,1516
1468,2023-05-22 18:35:43.786488740,Customer_297,North,Main Course,Salad,3,552,1656
1469,2023-05-23 01:52:53.644703920,Customer_165,South,Continental,Sushi,1,486,486
1470,2023-05-23 09:10:03.502919100,Customer_239,West,Main Course,Pasta,4,606,2424
1471,2023-05-23 16:27:13.361134278,Customer_227,North,Healthy,Pasta,2,356,712
1472,2023-05-23 23:44:23.219349458,Customer_227,South,Healthy,Noodles,5,669,3345
1473,2023-05-24 07:01:33.077564638,Customer_110,North,Fast Food,Noodles,2,991,1982
1474,2023-05-24 14:18:42.935779816,Customer_262,South,Asian,Sushi,5,626,3130
1475,2023-05-24 21:35:52.793994996,Customer_243,East,Continental,Burger,3,261,783
1476,2023-05-25 04:53:02.652210176,Customer_87,East,Asian,Sushi,5,262,1310
1477,2023-05-25 12:10:12.510425354,Customer_44,West,Healthy,Noodles,4,931,3724
1478,2023-05-25 19:27:22.368640534,Customer_146,North,Continental,Curry,1,892,892
1479,2023-05-26 02:44:32.226855714,Customer_264,South,Fast Food,Steak,5,891,4455
1480,2023-05-26 10:01:42.085070892,Customer_172,West,Asian,Steak,5,623,3115
1481,2023-05-26 17:18:51.943286072,Customer_48,East,Main Course,Tacos,1,885,885
1482,2023-05-27 00:36:01.801501252,Customer_121,East,Main Course,Noodles,4,370,1480
1483,2023-05-27 07:53:11.659716430,Customer_159,West,Continental,Salad,2,591,1182
1484,2023-05-27 15:10:21.517931610,Customer_116,North,Main Course,Tacos,5,307,1535
1485,2023-05-27 22:27:31.376146790,Customer_102,South,Main Course,Pizza,1,638,638
1486,2023-05-28 05:44:41.234361968,Customer_76,East,Healthy,Noodles,3,683,2049
1487,2023-05-28 13:01:51.092577148,Customer_13,West,Fast Food,Burger,1,159,159
1488,2023-05-28 20:19:00.950792328,Customer_24,East,Main Course,Pizza,3,529,1587
1489,2023-05-29 03:36:10.809007506,Customer_126,East,Main Course,Tacos,4,756,3024
1490,2023-05-29 10:53:20.667222686,Customer_244,South,Asian,Pasta,2,704,1408
1491,2023-05-29 18:10:30.525437866,Customer_38,North,Continental,Pizza,1,408,408
1492,2023-05-30 01:27:40.383653044,Customer_234,North,Healthy,Pizza,5,619,3095
1493,2023-05-30 08:44:50.241868224,Customer_213,South,Continental,Sandwich,4,690,2760
1494,2023-05-30 16:02:00.100083402,Customer_295,West,Asian,Salad,1,126,126
1495,2023-05-30 23:19:09.958298582,Customer_100,West,Asian,Pasta,5,785,3925
1496,2023-05-31 06:36:19.816513762,Customer_197,North,Asian,Salad,1,661,661
1497,2023-05-31 13:53:29.674728940,Customer_254,East,Main Course,Salad,3,298,894
1498,2023-05-31 21:10:39.532944120,Customer_205,East,Continental,Pasta,1,486,486
1499,2023-06-01 04:27:49.391159300,Customer_125,West,Continental,Pizza,1,448,448
1500,2023-06-01 11:44:59.249374478,Customer_76,South,Continental,Salad,1,792,792
1501,2023-06-01 19:02:09.107589658,Customer_3,East,Fast Food,Sandwich,4,635,2540
1502,2023-06-02 02:19:18.965804838,Customer_55,West,Healthy,Noodles,1,927,927
1503,2023-06-02 09:36:28.824020016,Customer_218,South,Main Course,Pizza,5,477,2385
1504,2023-06-02 16:53:38.682235196,Customer_113,North,Healthy,Sushi,3,998,2994
1505,2023-06-03 00:10:48.540450376,Customer_91,South,Main Course,Curry,3,657,1971
1506,2023-06-03 07:27:58.398665554,Customer_266,North,Continental,Burger,1,626,626
1507,2023-06-03 14:45:08.256880734,Customer_238,West,Fast Food,Steak,4,252,1008
1508,2023-06-03 22:02:18.115095914,Customer_26,South,Fast Food,Noodles,4,833,3332
1509,2023-06-04 05:19:27.973311092,Customer_286,West,Continental,Sandwich,5,305,1525
1510,2023-06-04 12:36:37.831526272,Customer_128,North,Healthy,Noodles,1,554,554
1511,2023-06-04 19:53:47.689741452,Customer_63,East,Asian,Tacos,3,372,1116
1512,2023-06-05 03:10:57.547956630,Customer_234,East,Continental,Sandwich,4,993,3972
1513,2023-06-05 10:28:07.406171810,Customer_69,North,Main Course,Noodles,1,335,335
1514,2023-06-05 17:45:17.264386990,Customer_238,East,Healthy,Salad,4,951,3804
1515,2023-06-06 01:02:27.122602168,Customer_272,East,Asian,Pizza,4,839,3356
1516,2023-06-06 08:19:36.980817348,Customer_287,South,Fast Food,Tacos,3,620,1860
1517,2023-06-06 15:36:46.839032528,Customer_163,South,Main Course,Tacos,2,777,1554
1518,2023-06-06 22:53:56.697247706,Customer_227,East,Fast Food,Tacos,5,930,4650
1519,2023-06-07 06:11:06.555462886,Customer_259,South,Main Course,Sushi,5,825,4125
1520,2023-06-07 13:28:16.413678066,Customer_219,North,Asian,Noodles,3,600,1800
1521,2023-06-07 20:45:26.271893244,Customer_281,South,Main Course,Pizza,4,216,864
1522,2023-06-08 04:02:36.130108424,Customer_229,South,Asian,Pizza,1,485,485
1523,2023-06-08 11:19:45.988323604,Customer_82,South,Continental,Salad,4,443,1772
1524,2023-06-08 18:36:55.846538782,Customer_244,West,Continental,Sandwich,3,683,2049
1525,2023-06-09 01:54:05.704753962,Customer_231,North,Main Course,Steak,5,494,2470
1526,2023-06-09 09:11:15.562969142,Customer_133,East,Healthy,Curry,4,163,652
1527,2023-06-09 16:28:25.421184320,Customer_127,East,Fast Food,Sandwich,5,816,4080
1528,2023-06-09 23:45:35.279399500,Customer_142,West,Main Course,Sushi,1,820,820
1529,2023-06-10 07:02:45.137614680,Customer_267,South,Main Course,Steak,5,171,855
1530,2023-06-10 14:19:54.995829858,Customer_249,North,Fast Food,Noodles,5,888,4440
1531,2023-06-10 21:37:04.854045038,Customer_123,North,Main Course,Steak,2,373,746
1532,2023-06-11 04:54:14.712260218,Customer_141,East,Fast Food,Sandwich,2,419,838
1533,2023-06-11 12:11:24.570475396,Customer_226,West,Asian,Sandwich,2,437,874
1534,2023-06-11 19:28:34.428690576,Customer_40,West,Healthy,Salad,5,465,2325
1535,2023-06-12 02:45:44.286905754,Customer_147,West,Continental,Curry,3,594,1782
1536,2023-06-12 10:02:54.145120934,Customer_121,West,Continental,Pasta,5,706,3530
1537,2023-06-12 17:20:04.003336114,Customer_140,North,Healthy,Burger,3,265,795
1538,2023-06-13 00:37:13.861551292,Customer_172,South,Fast Food,Pasta,3,643,1929
1539,2023-06-13 07:54:23.719766472,Customer_164,East,Healthy,Pasta,2,110,220
1540,2023-06-13 15:11:33.577981652,Customer_277,North,Fast Food,Noodles,4,400,1600
1541,2023-06-13 22:28:43.436196830,Customer_42,West,Healthy,Burger,1,828,828
1542,2023-06-14 05:45:53.294412010,Customer_71,West,Main Course,Tacos,2,900,1800
1543,2023-06-14 13:03:03.152627190,Customer_78,East,Main Course,Pizza,2,201,402
1544,2023-06-14 20:20:13.010842368,Customer_119,South,Healthy,Tacos,4,524,2096
1545,2023-06-15 03:37:22.869057548,Customer_197,South,Asian,Salad,1,491,491
1546,2023-06-15 10:54:32.727272728,Customer_79,South,Healthy,Noodles,5,878,4390
1547,2023-06-15 18:11:42.585487906,Customer_110,West,Continental,Salad,5,313,1565
1548,2023-06-16 01:28:52.443703086,Customer_33,North,Main Course,Pasta,2,790,1580
1549,2023-06-16 08:46:02.301918266,Customer_213,North,Healthy,Pasta,1,187,187
1550,2023-06-16 16:03:12.160133444,Customer_209,South,Continental,Steak,2,652,1304
1551,2023-06-16 23:20:22.018348624,Customer_170,East,Main Course,Salad,3,500,1500
1552,2023-06-17 06:37:31.876563804,Customer_278,South,Asian,Pizza,2,687,1374
1553,2023-06-17 13:54:41.734778982,Customer_239,South,Asian,Sushi,2,988,1976
1554,2023-06-17 21:11:51.592994162,Customer_213,East,Continental,Curry,5,145,725
1555,2023-06-18 04:29:01.451209342,Customer_32,South,Healthy,Pasta,5,771,3855
1556,2023-06-18 11:46:11.309424520,Customer_106,East,Main Course,Pizza,5,562,2810
1557,2023-06-18 19:03:21.167639700,Customer_216,East,Asian,Pasta,3,691,2073
1558,2023-06-19 02:20:31.025854880,Customer_200,North,Continental,Sushi,5,409,2045
1559,2023-06-19 09:37:40.884070058,Customer_300,East,Fast Food,Steak,1,185,185
1560,2023-06-19 16:54:50.742285238,Customer_11,South,Healthy,Pizza,4,191,764
1561,2023-06-20 00:12:00.600500418,Customer_295,East,Fast Food,Steak,1,759,759
1562,2023-06-20 07:29:10.458715596,Customer_195,South,Healthy,Salad,1,772,772
1563,2023-06-20 14:46:20.316930776,Customer_245,East,Main Course,Curry,5,813,4065
1564,2023-06-20 22:03:30.175145956,Customer_4,North,Continental,Steak,4,341,1364
1565,2023-06-21 05:20:40.033361134,Customer_181,South,Main Course,Noodles,4,964,3856
1566,2023-06-21 12:37:49.891576314,Customer_153,South,Fast Food,Sushi,4,101,404
1567,2023-06-21 19:54:59.749791494,Customer_200,South,Continental,Burger,3,324,972
1568,2023-06-22 03:12:09.608006672,Customer_215,East,Main Course,Sushi,5,900,4500
1569,2023-06-22 10:29:19.466221852,Customer_276,North,Main Course,Noodles,4,844,3376
1570,2023-06-22 17:46:29.324437032,Customer_280,North,Main Course,Sandwich,3,688,2064
1571,2023-06-23 01:03:39.182652210,Customer_113,North,Fast Food,Pasta,2,215,430
1572,2023-06-23 08:20:49.040867390,Customer_250,North,Main Course,Noodles,2,765,1530
1573,2023-06-23 15:37:58.899082568,Customer_113,East,Asian,Burger,3,202,606
1574,2023-06-23 22:55:08.757297748,Customer_140,South,Healthy,Noodles,3,293,879
1575,2023-06-24 06:12:18.615512928,Customer_224,West,Asian,Pasta,5,265,1325
1576,2023-06-24 13:29:28.473728106,Customer_249,North,Fast Food,Tacos,5,970,4850
1577,2023-06-24 20:46:38.331943286,Customer_15,West,Fast Food,Noodles,2,189,378
1578,2023-06-25 04:03:48.190158466,Customer_200,East,Main Course,Noodles,4,785,3140
1579,2023-06-25 11:20:58.048373644,Customer_173,East,Continental,Tacos,2,221,442
1580,2023-06-25 18:38:07.906588824,Customer_208,West,Asian,Burger,4,242,968
1581,2023-06-26 01:55:17.764804004,Customer_85,South,Fast Food,Sushi,4,205,820
1582,2023-06-26 09:12:27.623019182,Customer_240,West,Healthy,Sandwich,5,986,4930
1583,2023-06-26 16:29:37.481234362,Customer_66,East,Fast Food,Sandwich,1,527,527
1584,2023-06-26 23:46:47.339449542,Customer_274,West,Asian,Sushi,1,404,404
1585,2023-06-27 07:03:57.197664720,Customer_14,North,Healthy,Sushi,3,971,2913
1586,2023-06-27 14:21:07.055879900,Customer_202,North,Healthy,Sushi,5,416,2080
1587,2023-06-27 21:38:16.914095080,Customer_289,South,Main Course,Salad,4,734,2936
1588,2023-06-28 04:55:26.772310258,Customer_14,West,Continental,Sandwich,1,108,108
1589,2023-06-28 12:12:36.630525438,Customer_43,West,Healthy,Steak,4,873,3492
1590,2023-06-28 19:29:46.488740618,Customer_220,West,Main Course,Noodles,1,172,172
1591,2023-06-29 02:46:56.346955796,Customer_70,West,Continental,Curry,1,458,458
1592,2023-06-29 10:04:06.205170976,Customer_237,South,Main Course,Noodles,1,322,322
1593,2023-06-29 17:21:16.063386156,Customer_94,East,Fast Food,Pizza,5,515,2575
1594,2023-06-30 00:38:25.921601334,Customer_26,South,Fast Food,Burger,2,652,1304
1595,2023-06-30 07:55:35.779816514,Customer_134,East,Continental,Sushi,4,469,1876
1596,2023-06-30 15:12:45.638031694,Customer_195,East,Main Course,Curry,5,815,4075
1597,2023-06-30 22:29:55.496246872,Customer_168,East,Asian,Sandwich,5,363,1815
1598,2023-07-01 05:47:05.354462052,Customer_109,West,Main Course,Steak,5,939,4695
1599,2023-07-01 13:04:15.212677232,Customer_233,South,Asian,Steak,5,789,3945
1600,2023-07-01 20:21:25.070892410,Customer_168,East,Healthy,Sandwich,5,959,4795
1601,2023-07-02 03:38:34.929107590,Customer_173,North,Healthy,Pizza,3,417,1251
1602,2023-07-02 10:55:44.787322770,Customer_195,East,Healthy,Sushi,4,183,732
1603,2023-07-02 18:12:54.645537948,Customer_143,South,Main Course,Tacos,5,417,2085
1604,2023-07-03 01:30:04.503753128,Customer_216,West,Continental,Burger,4,210,840
1605,2023-07-03 08:47:14.361968308,Customer_130,North,Asian,Tacos,3,350,1050
1606,2023-07-03 16:04:24.220183486,Customer_42,East,Main Course,Salad,3,482,1446
1607,2023-07-03 23:21:34.078398666,Customer_241,West,Healthy,Noodles,4,106,424
1608,2023-07-04 06:38:43.936613846,Customer_10,South,Fast Food,Salad,1,558,558
1609,2023-07-04 13:55:53.794829024,Customer_277,South,Healthy,Pizza,2,183,366
1610,2023-07-04 21:13:03.653044204,Customer_27,North,Continental,Noodles,1,307,307
1611,2023-07-05 04:30:13.511259384,Customer_180,North,Healthy,Sushi,1,999,999
1612,2023-07-05 11:47:23.369474562,Customer_115,East,Continental,Noodles,1,489,489
1613,2023-07-05 19:04:33.227689742,Customer_36,West,Fast Food,Noodles,5,413,2065
1614,2023-07-06 02:21:43.085904920,Customer_21,West,Asian,Curry,3,121,363
1615,2023-07-06 09:38:52.944120100,Customer_16,South,Healthy,Curry,1,509,509
1616,2023-07-06 16:56:02.802335280,Customer_127,South,Continental,Pizza,3,994,2982
1617,2023-07-07 00:13:12.660550458,Customer_103,East,Asian,Salad,4,614,2456
1618,2023-07-07 07:30:22.518765638,Customer_11,East,Fast Food,Sandwich,2,226,452
1619,2023-07-07 14:47:32.376980818,Customer_79,South,Continental,Sushi,4,908,3632
1620,2023-07-07 22:04:42.235195996,Customer_123,South,Fast Food,Noodles,4,799,3196
1621,2023-07-08 05:21:52.093411176,Customer_65,West,Fast Food,Burger,5,973,4865
1622,2023-07-08 12:39:01.951626356,Customer_243,West,Main Course,Burger,2,113,226
1623,2023-07-08 19:56:11.809841534,Customer_59,West,Asian,Pasta,4,111,444
1624,2023-07-09 03:13:21.668056714,Customer_289,East,Main Course,Noodles,4,186,744
1625,2023-07-09 10:30:31.526271894,Customer_112,West,Fast Food,Noodles,2,623,1246
1626,2023-07-09 17:47:41.384487072,Customer_239,North,Continental,Pizza,2,636,1272
1627,2023-07-10 01:04:51.242702252,Customer_132,North,Healthy,Burger,4,400,1600
1628,2023-07-10 08:22:01.100917432,Customer_189,West,Main Course,Sandwich,2,342,684
1629,2023-07-10 15:39:10.959132610,Customer_86,West,Healthy,Sandwich,4,221,884
1630,2023-07-10 22:56:20.817347790,Customer_59,South,Main Course,Tacos,4,246,984
1631,2023-07-11 06:13:30.675562970,Customer_84,South,Asian,Burger,5,666,3330
1632,2023-07-11 13:30:40.533778148,Customer_160,East,Healthy,Sandwich,1,849,849
1633,2023-07-11 20:47:50.391993328,Customer_56,North,Main Course,Noodles,4,455,1820
1634,2023-07-12 04:05:00.250208508,Customer_297,North,Fast Food,Tacos,3,784,2352
1635,2023-07-12 11:22:10.108423686,Customer_14,East,Continental,Burger,1,832,832
1636,2023-07-12 18:39:19.966638866,Customer_160,West,Fast Food,Pasta,1,730,730
1637,2023-07-13 01:56:29.824854046,Customer_295,West,Asian,Pizza,1,408,408
1638,2023-07-13 09:13:39.683069224,Customer_193,East,Asian,Curry,5,794,3970
1639,2023-07-13 16:30:49.541284404,Customer_204,North,Main Course,Sushi,4,387,1548
1640,2023-07-13 23:47:59.399499584,Customer_102,North,Fast Food,Pizza,5,406,2030
1641,2023-07-14 07:05:09.257714762,Customer_39,West,Healthy,Burger,4,911,3644
1642,2023-07-14 14:22:19.115929942,Customer_125,South,Main Course,Burger,5,693,3465
1643,2023-07-14 21:39:28.974145122,Customer_53,East,Main Course,Pizza,5,822,4110
1644,2023-07-15 04:56:38.832360300,Customer_155,East,Fast Food,Pasta,3,761,2283
1645,2023-07-15 12:13:48.690575480,Customer_62,West,Continental,Salad,5,648,3240
1646,2023-07-15 19:30:58.548790660,Customer_290,East,Asian,Noodles,2,451,902
1647,2023-07-16 02:48:08.407005838,Customer_22,North,Healthy,Burger,3,411,1233
1648,2023-07-16 10:05:18.265221018,Customer_178,West,Asian,Steak,5,972,4860
1649,2023-07-16 17:22:28.123436198,Customer_273,North,Main Course,Sandwich,1,158,158
1650,2023-07-17 00:39:37.981651376,Customer_220,South,Continental,Salad,2,742,1484
1651,2023-07-17 07:56:47.839866556,Customer_190,East,Main Course,Tacos,2,813,1626
1652,2023-07-17 15:13:57.698081734,Customer_36,East,Continental,Tacos,2,854,1708
1653,2023-07-17 22:31:07.556296914,Customer_260,North,Fast Food,Curry,3,134,402
1654,2023-07-18 05:48:17.414512094,Customer_175,West,Asian,Tacos,5,544,2720
1655,2023-07-18 13:05:27.272727272,Customer_7,West,Main Course,Tacos,5,192,960
1656,2023-07-18 20:22:37.130942452,Customer_216,East,Continental,Sushi,1,306,306
1657,2023-07-19 03:39:46.989157632,Customer_251,North,Continental,Pizza,1,452,452
1658,2023-07-19 10:56:56.847372810,Customer_55,South,Main Course,Tacos,2,431,862
1659,2023-07-19 18:14:06.705587990,Customer_222,North,Asian,Burger,1,916,916
1660,2023-07-20 01:31:16.563803170,Customer_186,West,Fast Food,Noodles,3,961,2883
1661,2023-07-20 08:48:26.422018348,Customer_236,East,Fast Food,Pizza,5,824,4120
1662,2023-07-20 16:05:36.280233528,Customer_79,East,Healthy,Steak,2,258,516
1663,2023-07-20 23:22:46.138448708,Customer_223,East,Healthy,Burger,1,123,123
1664,2023-07-21 06:39:55.996663886,Customer_91,South,Healthy,Steak,3,503,1509
1665,2023-07-21 13:57:05.854879066,Customer_268,South,Asian,Pizza,3,904,2712
1666,2023-07-21 21:14:15.713094246,Customer_139,West,Healthy,Burger,1,615,615
1667,2023-07-22 04:31:25.571309424,Customer_276,North,Healthy,Sushi,5,831,4155
1668,2023-07-22 11:48:35.429524604,Customer_248,North,Asian,Noodles,1,463,463
1669,2023-07-22 19:05:45.287739784,Customer_239,North,Healthy,Burger,2,481,962
1670,2023-07-23 02:22:55.145954962,Customer_224,South,Fast Food,Salad,1,631,631
1671,2023-07-23 09:40:05.004170142,Customer_138,East,Main Course,Salad,3,251,753
1672,2023-07-23 16:57:14.862385322,Customer_166,West,Fast Food,Steak,1,661,661
1673,2023-07-24 00:14:24.720600500,Customer_126,West,Fast Food,Burger,5,788,3940
1674,2023-07-24 07:31:34.578815680,Customer_45,South,Continental,Salad,4,707,2828
1675,2023-07-24 14:48:44.437030860,Customer_143,South,Main Course,Curry,1,716,716
1676,2023-07-24 22:05:54.295246038,Customer_231,East,Fast Food,Tacos,5,519,2595
1677,2023-07-25 05:23:04.153461218,Customer_125,East,Main Course,Tacos,5,349,1745
1678,2023-07-25 12:40:14.011676398,Customer_238,South,Fast Food,Pizza,3,216,648
1679,2023-07-25 19:57:23.869891576,Customer_292,West,Asian,Curry,5,965,4825
1680,2023-07-26 03:14:33.728106756,Customer_195,East,Asian,Pasta,5,611,3055
1681,2023-07-26 10:31:43.586321936,Customer_173,East,Healthy,Noodles,5,839,4195
1682,2023-07-26 17:48:53.444537114,Customer_15,West,Asian,Sandwich,5,677,3385
1683,2023-07-27 01:06:03.302752294,Customer_254,East,Main Course,Pasta,2,434,868
1684,2023-07-27 08:23:13.160967474,Customer_167,West,Continental,Tacos,2,517,1034
1685,2023-07-27 15:40:23.019182652,Customer_94,North,Healthy,Noodles,3,873,2619
1686,2023-07-27 22:57:32.877397832,Customer_250,East,Fast Food,Salad,1,394,394
1687,2023-07-28 06:14:42.735613012,Customer_109,East,Asian,Pasta,5,854,4270
1688,2023-07-28 13:31:52.593828192,Customer_182,North,Healthy,Salad,1,470,470
1689,2023-07-28 20:49:02.452043368,Customer_133,West,Asian,Sushi,1,285,285
1690,2023-07-29 04:06:12.310258548,Customer_175,East,Healthy,Pizza,3,345,1035
1691,2023-07-29 11:23:22.168473728,Customer_144,North,Main Course,Noodles,5,736,3680
1692,2023-07-29 18:40:32.026688908,Customer_142,West,Main Course,Noodles,5,367,1835
1693,2023-07-30 01:57:41.884904088,Customer_285,East,Fast Food,Pasta,4,742,2968
1694,2023-07-30 09:14:51.743119268,Customer_6,South,Healthy,Burger,1,336,336
1695,2023-07-30 16:32:01.601334444,Customer_265,North,Continental,Pizza,1,629,629
1696,2023-07-30 23:49:11.459549624,Customer_98,West,Main Course,Pizza,2,651,1302
1697,2023-07-31 07:06:21.317764804,Customer_44,South,Fast Food,Steak,4,120,480
1698,2023-07-31 14:23:31.175979984,Customer_124,West,Healthy,Steak,2,836,1672
1699,2023-07-31 21:40:41.034195164,Customer_209,South,Fast Food,Tacos,2,966,1932
1700,2023-08-01 04:57:50.892410344,Customer_251,South,Main Course,Noodles,2,893,1786
1701,2023-08-01 12:15:00.750625520,Customer_285,North,Fast Food,Noodles,3,619,1857
1702,2023-08-01 19:32:10.608840700,Customer_124,North,Healthy,Burger,3,199,597
1703,2023-08-02 02:49:20.467055880,Customer_244,South,Asian,Salad,2,851,1702
1704,2023-08-02 10:06:30.325271060,Customer_252,North,Continental,Sandwich,4,577,2308
1705,2023-08-02 17:23:40.183486240,Customer_230,West,Main Course,Sushi,1,698,698
1706,2023-08-03 00:40:50.041701420,Customer_9,East,Healthy,Sandwich,4,397,1588
1707,2023-08-03 07:57:59.899916596,Customer_48,West,Healthy,Tacos,5,625,3125
1708,2023-08-03 15:15:09.758131776,Customer_151,South,Fast Food,Noodles,3,433,1299
1709,2023-08-03 22:32:19.616346956,Customer_114,West,Main Course,Pasta,1,101,101
1710,2023-08-04 05:49:29.474562136,Customer_208,South,Asian,Pasta,1,474,474
1711,2023-08-04 13:06:39.332777316,Customer_125,West,Asian,Pasta,5,392,1960
1712,2023-08-04 20:23:49.190992492,Customer_157,West,Continental,Sandwich,5,936,4680
1713,2023-08-05 03:40:59.049207672,Customer_298,North,Continental,Steak,2,652,1304
1714,2023-08-05 10:58:08.907422852,Customer_189,South,Fast Food,Salad,3,417,1251
1715,2023-08-05 18:15:18.765638032,Customer_243,South,Main Course,Sandwich,3,601,1803
1716,2023-08-06 01:32:28.623853212,Customer_284,East,Asian,Burger,4,927,3708
1717,2023-08-06 08:49:38.482068392,Customer_272,West,Main Course,Pasta,2,480,960
1718,2023-08-06 16:06:48.340283568,Customer_177,West,Fast Food,Steak,2,722,1444
1719,2023-08-06 23:23:58.198498748,Customer_218,East,Main Course,Pizza,2,113,226
1720,2023-08-07 06:41:08.056713928,Customer_282,South,Main Course,Noodles,2,603,1206
1721,2023-08-07 13:58:17.914929108,Customer_170,West,Main Course,Curry,3,330,990
1722,2023-08-07 21:15:27.773144288,Customer_181,East,Fast Food,Noodles,3,183,549
1723,2023-08-08 04:32:37.631359468,Customer_233,East,Fast Food,Burger,2,229,458
1724,2023-08-08 11:49:47.489574644,Customer_139,East,Fast Food,Salad,4,842,3368
1725,2023-08-08 19:06:57.347789824,Customer_157,West,Asian,Burger,1,937,937
1726,2023-08-09 02:24:07.206005004,Customer_129,South,Healthy,Salad,1,244,244
1727,2023-08-09 09:41:17.064220184,Customer_119,South,Main Course,Burger,4,990,3960
1728,2023-08-09 16:58:26.922435364,Customer_62,East,Continental,Sandwich,2,956,1912
1729,2023-08-10 00:15:36.780650544,Customer_99,East,Continental,Steak,3,127,381
1730,2023-08-10 07:32:46.638865720,Customer_162,South,Healthy,Curry,1,165,165
1731,2023-08-10 14:49:56.497080900,Customer_62,East,Main Course,Sushi,5,262,1310
1732,2023-08-10 22:07:06.355296080,Customer_275,East,Main Course,Sushi,5,328,1640
1733,2023-08-11 05:24:16.213511260,Customer_95,South,Main Course,Pasta,4,360,1440
1734,2023-08-11 12:41:26.071726440,Customer_99,West,Fast Food,Sandwich,2,548,1096
1735,2023-08-11 19:58:35.929941620,Customer_111,East,Asian,Burger,1,523,523
1736,2023-08-12 03:15:45.788156796,Customer_248,West,Fast Food,Salad,2,559,1118
1737,2023-08-12 10:32:55.646371976,Customer_142,East,Main Course,Steak,1,775,775
1738,2023-08-12 17:50:05.504587156,Customer_269,East,Healthy,Burger,4,400,1600
1739,2023-08-13 01:07:15.362802336,Customer_145,East,Main Course,Sandwich,4,402,1608
1740,2023-08-13 08:24:25.221017516,Customer_52,North,Main Course,Sushi,5,386,1930
1741,2023-08-13 15:41:35.079232696,Customer_100,West,Asian,Curry,2,494,988
1742,2023-08-13 22:58:44.937447872,Customer_152,West,Main Course,Curry,5,109,545
1743,2023-08-14 06:15:54.795663052,Customer_117,East,Fast Food,Sushi,2,806,1612
1744,2023-08-14 13:33:04.653878232,Customer_185,South,Continental,Steak,5,729,3645
1745,2023-08-14 20:50:14.512093412,Customer_92,East,Asian,Salad,3,369,1107
1746,2023-08-15 04:07:24.370308592,Customer_155,North,Asian,Steak,3,691,2073
1747,2023-08-15 11:24:34.228523772,Customer_8,East,Asian,Pasta,3,704,2112
1748,2023-08-15 18:41:44.086738948,Customer_274,North,Main Course,Steak,3,877,2631
1749,2023-08-16 01:58:53.944954128,Customer_65,East,Asian,Steak,1,943,943
1750,2023-08-16 09:16:03.803169308,Customer_141,West,Asian,Sushi,3,961,2883
1751,2023-08-16 16:33:13.661384488,Customer_24,East,Fast Food,Sushi,4,460,1840
1752,2023-08-16 23:50:23.519599668,Customer_28,West,Healthy,Tacos,4,356,1424
1753,2023-08-17 07:07:33.377814844,Customer_284,South,Fast Food,Pasta,1,232,232
1754,2023-08-17 14:24:43.236030024,Customer_150,South,Fast Food,Pizza,3,375,1125
1755,2023-08-17 21:41:53.094245204,Customer_65,East,Healthy,Sushi,3,875,2625
1756,2023-08-18 04:59:02.952460384,Customer_252,East,Healthy,Sandwich,3,782,2346
1757,2023-08-18 12:16:12.810675564,Customer_53,South,Asian,Sandwich,5,612,3060
1758,2023-08-18 19:33:22.668890744,Customer_7,North,Fast Food,Tacos,2,412,824
1759,2023-08-19 02:50:32.527105920,Customer_294,South,Main Course,Salad,5,675,3375
1760,2023-08-19 10:07:42.385321100,Customer_146,South,Continental,Sushi,2,985,1970
1761,2023-08-19 17:24:52.243536280,Customer_241,North,Continental,Pasta,3,383,1149
1762,2023-08-20 00:42:02.101751460,Customer_246,South,Continental,Sushi,3,220,660
1763,2023-08-20 07:59:11.959966640,Customer_226,South,Fast Food,Curry,5,206,1030
1764,2023-08-20 15:16:21.818181820,Customer_175,North,Healthy,Curry,5,786,3930
1765,2023-08-20 22:33:31.676396996,Customer_95,North,Asian,Curry,2,303,606
1766,2023-08-21 05:50:41.534612176,Customer_27,West,Asian,Sushi,4,264,1056
1767,2023-08-21 13:07:51.392827356,Customer_130,East,Continental,Salad,2,404,808
1768,2023-08-21 20:25:01.251042536,Customer_245,West,Asian,Curry,5,596,2980
1769,2023-08-22 03:42:11.109257716,Customer_59,North,Main Course,Noodles,5,731,3655
1770,2023-08-22 10:59:20.967472896,Customer_34,South,Main Course,Burger,1,655,655
1771,2023-08-22 18:16:30.825688072,Customer_206,North,Healthy,Pasta,5,923,4615
1772,2023-08-23 01:33:40.683903252,Customer_252,South,Asian,Steak,1,255,255
1773,2023-08-23 08:50:50.542118432,Customer_38,West,Fast Food,Burger,4,466,1864
1774,2023-08-23 16:08:00.400333612,Customer_296,West,Asian,Salad,2,818,1636
1775,2023-08-23 23:25:10.258548792,Customer_28,West,Fast Food,Pasta,2,719,1438
1776,2023-08-24 06:42:20.116763972,Customer_78,South,Continental,Noodles,1,350,350
1777,2023-08-24 13:59:29.974979148,Customer_77,East,Fast Food,Sandwich,2,981,1962
1778,2023-08-24 21:16:39.833194328,Customer_289,East,Continental,Salad,5,433,2165
1779,2023-08-25 04:33:49.691409508,Customer_156,East,Main Course,Burger,3,741,2223
1780,2023-08-25 11:50:59.549624688,Customer_44,North,Asian,Burger,1,610,610
1781,2023-08-25 19:08:09.407839868,Customer_128,North,Healthy,Pizza,2,392,784
1782,2023-08-26 02:25:19.266055048,Customer_61,South,Asian,Noodles,1,119,119
1783,2023-08-26 09:42:29.124270224,Customer_286,North,Continental,Pizza,1,381,381
1784,2023-08-26 16:59:38.982485404,Customer_214,South,Asian,Steak,3,896,2688
1785,2023-08-27 00:16:48.840700584,Customer_116,West,Healthy,Steak,5,100,500
1786,2023-08-27 07:33:58.698915764,Customer_268,South,Continental,Tacos,1,218,218
1787,2023-08-27 14:51:08.557130944,Customer_195,North,Continental,Steak,2,134,268
1788,2023-08-27 22:08:18.415346124,Customer_231,West,Healthy,Sandwich,4,297,1188
1789,2023-08-28 05:25:28.273561300,Customer_227,West,Asian,Pizza,1,584,584
1790,2023-08-28 12:42:38.131776480,Customer_153,South,Healthy,Noodles,1,856,856
1791,2023-08-28 19:59:47.989991660,Customer_220,East,Fast Food,Salad,3,158,474
1792,2023-08-29 03:16:57.848206840,Customer_157,North,Main Course,Noodles,5,936,4680
1793,2023-08-29 10:34:07.706422020,Customer_292,North,Healthy,Noodles,4,260,1040
1794,2023-08-29 17:51:17.564637196,Customer_31,East,Continental,Curry,2,790,1580
1795,2023-08-30 01:08:27.422852376,Customer_51,North,Fast Food,Pasta,4,305,1220
1796,2023-08-30 08:25:37.281067556,Customer_107,East,Main Course,Sushi,2,111,222
1797,2023-08-30 15:42:47.139282736,Customer_109,East,Healthy,Tacos,5,589,2945
1798,2023-08-30 22:59:56.997497916,Customer_136,West,Main Course,Sandwich,2,375,750
1799,2023-08-31 06:17:06.855713096,Customer_42,West,Asian,Steak,3,792,2376
1800,2023-08-31 13:34:16.713928272,Customer_81,South,Continental,Salad,3,341,1023
1801,2023-08-31 20:51:26.572143452,Customer_123,West,Healthy,Pasta,3,315,945
1802,2023-09-01 04:08:36.430358632,Customer_89,East,Continental,Curry,3,350,1050
1803,2023-09-01 11:25:46.288573812,Customer_283,South,Fast Food,Noodles,4,910,3640
1804,2023-09-01 18:42:56.146788992,Customer_39,North,Fast Food,Noodles,5,225,1125
1805,2023-09-02 02:00:06.005004172,Customer_81,East,Main Course,Burger,2,316,632
1806,2023-09-02 09:17:15.863219348,Customer_2,South,Fast Food,Tacos,2,405,810
1807,2023-09-02 16:34:25.721434528,Customer_210,West,Fast Food,Sushi,3,896,2688
1808,2023-09-02 23:51:35.579649708,Customer_231,East,Healthy,Noodles,3,284,852
1809,2023-09-03 07:08:45.437864888,Customer_241,South,Continental,Pizza,1,138,138
1810,2023-09-03 14:25:55.296080068,Customer_150,North,Main Course,Sandwich,5,322,1610
1811,2023-09-03 21:43:05.154295248,Customer_17,East,Fast Food,Steak,4,283,1132
1812,2023-09-04 05:00:15.012510424,Customer_119,East,Continental,Pasta,2,594,1188
1813,2023-09-04 12:17:24.870725604,Customer_148,South,Asian,Noodles,1,526,526
1814,2023-09-04 19:34:34.728940784,Customer_145,South,Healthy,Pasta,1,277,277
1815,2023-09-05 02:51:44.587155964,Customer_233,West,Fast Food,Curry,2,527,1054
1816,2023-09-05 10:08:54.445371144,Customer_37,West,Fast Food,Pasta,4,393,1572
1817,2023-09-05 17:26:04.303586324,Customer_120,East,Fast Food,Pasta,1,951,951
1818,2023-09-06 00:43:14.161801500,Customer_136,North,Continental,Steak,1,250,250
1819,2023-09-06 08:00:24.020016680,Customer_102,West,Healthy,Steak,5,483,2415
1820,2023-09-06 15:17:33.878231860,Customer_218,North,Healthy,Pasta,4,737,2948
1821,2023-09-06 22:34:43.736447040,Customer_59,South,Continental,Curry,1,912,912
1822,2023-09-07 05:51:53.594662220,Customer_279,South,Main Course,Sushi,4,407,1628
1823,2023-09-07 13:09:03.452877400,Customer_116,West,Healthy,Pizza,2,435,870
1824,2023-09-07 20:26:13.311092576,Customer_77,East,Continental,Sandwich,3,845,2535
1825,2023-09-08 03:43:23.169307756,Customer_137,South,Continental,Curry,1,991,991
1826,2023-09-08 11:00:33.027522936,Customer_73,North,Fast Food,Sandwich,5,474,2370
1827,2023-09-08 18:17:42.885738116,Customer_37,East,Continental,Burger,2,107,214
1828,2023-09-09 01:34:52.743953296,Customer_31,West,Fast Food,Salad,4,440,1760
1829,2023-09-09 08:52:02.602168472,Customer_85,South,Asian,Sushi,2,228,456
1830,2023-09-09 16:09:12.460383652,Customer_158,West,Continental,Sandwich,1,875,875
1831,2023-09-09 23:26:22.318598832,Customer_292,East,Healthy,Pizza,4,768,3072
1832,2023-09-10 06:43:32.176814012,Customer_148,East,Fast Food,Sandwich,3,451,1353
1833,2023-09-10 14:00:42.035029192,Customer_225,East,Asian,Noodles,2,457,914
1834,2023-09-10 21:17:51.893244372,Customer_64,North,Main Course,Sushi,1,616,616
1835,2023-09-11 04:35:01.751459548,Customer_240,East,Main Course,Tacos,5,594,2970
1836,2023-09-11 11:52:11.609674728,Customer_156,East,Main Course,Curry,4,185,740
1837,2023-09-11 19:09:21.467889908,Customer_207,South,Fast Food,Curry,2,274,548
1838,2023-09-12 02:26:31.326105088,Customer_140,North,Continental,Pizza,2,901,1802
1839,2023-09-12 09:43:41.184320268,Customer_257,North,Fast Food,Pizza,3,292,876
1840,2023-09-12 17:00:51.042535448,Customer_277,West,Main Course,Sushi,3,410,1230
1841,2023-09-13 00:18:00.900750624,Customer_253,East,Continental,Burger,5,218,1090
1842,2023-09-13 07:35:10.758965804,Customer_225,South,Asian,Noodles,5,317,1585
1843,2023-09-13 14:52:20.617180984,Customer_42,West,Main Course,Salad,1,526,526
1844,2023-09-13 22:09:30.475396164,Customer_21,East,Healthy,Salad,1,513,513
1845,2023-09-14 05:26:40.333611344,Customer_222,North,Continental,Steak,5,213,1065
1846,2023-09-14 12:43:50.191826524,Customer_166,East,Fast Food,Noodles,5,244,1220
1847,2023-09-14 20:01:00.050041700,Customer_129,East,Fast Food,Steak,4,637,2548
1848,2023-09-15 03:18:09.908256880,Customer_14,South,Healthy,Pasta,3,747,2241
1849,2023-09-15 10:35:19.766472060,Customer_47,South,Fast Food,Tacos,1,402,402
1850,2023-09-15 17:52:29.624687240,Customer_118,South,Healthy,Tacos,3,843,2529
1851,2023-09-16 01:09:39.482902420,Customer_295,West,Main Course,Sushi,3,980,2940
1852,2023-09-16 08:26:49.341117600,Customer_11,South,Main Course,Steak,5,687,3435
1853,2023-09-16 15:43:59.199332776,Customer_138,West,Fast Food,Burger,4,939,3756
1854,2023-09-16 23:01:09.057547956,Customer_296,East,Continental,Noodles,2,444,888
1855,2023-09-17 06:18:18.915763136,Customer_21,West,Fast Food,Salad,4,913,3652
1856,2023-09-17 13:35:28.773978316,Customer_90,West,Main Course,Tacos,4,900,3600
1857,2023-09-17 20:52:38.632193496,Customer_241,South,Continental,Sandwich,3,100,300
1858,2023-09-18 04:09:48.490408676,Customer_266,South,Healthy,Noodles,4,246,984
1859,2023-09-18 11:26:58.348623852,Customer_227,North,Main Course,Tacos,1,386,386
1860,2023-09-18 18:44:08.206839032,Customer_143,West,Healthy,Sushi,3,753,2259
1861,2023-09-19 02:01:18.065054212,Customer_93,East,Asian,Sushi,1,152,152
1862,2023-09-19 09:18:27.923269392,Customer_300,North,Continental,Curry,2,403,806
1863,2023-09-19 16:35:37.781484572,Customer_224,North,Main Course,Curry,3,168,504
1864,2023-09-19 23:52:47.639699752,Customer_252,North,Healthy,Steak,2,460,920
1865,2023-09-20 07:09:57.497914928,Customer_47,South,Healthy,Pizza,3,701,2103
1866,2023-09-20 14:27:07.356130108,Customer_241,South,Healthy,Noodles,5,319,1595
1867,2023-09-20 21:44:17.214345288,Customer_179,South,Fast Food,Pasta,4,803,3212
1868,2023-09-21 05:01:27.072560468,Customer_210,East,Fast Food,Curry,5,674,3370
1869,2023-09-21 12:18:36.930775648,Customer_171,West,Asian,Pasta,2,684,1368
1870,2023-09-21 19:35:46.788990824,Customer_165,North,Asian,Sandwich,4,260,1040
1871,2023-09-22 02:52:56.647206004,Customer_54,South,Healthy,Burger,3,780,2340
1872,2023-09-22 10:10:06.505421184,Customer_83,West,Fast Food,Noodles,4,188,752
1873,2023-09-22 17:27:16.363636364,Customer_169,North,Continental,Salad,1,787,787
1874,2023-09-23 00:44:26.221851544,Customer_211,West,Continental,Sandwich,4,880,3520
1875,2023-09-23 08:01:36.080066724,Customer_254,North,Healthy,Pasta,1,684,684
1876,2023-09-23 15:18:45.938281900,Customer_148,West,Fast Food,Pasta,4,856,3424
1877,2023-09-23 22:35:55.796497080,Customer_206,South,Continental,Pasta,1,688,688
1878,2023-09-24 05:53:05.654712260,Customer_282,West,Fast Food,Sushi,2,258,516
1879,2023-09-24 13:10:15.512927440,Customer_19,West,Asian,Steak,5,588,2940
1880,2023-09-24 20:27:25.371142620,Customer_233,North,Healthy,Burger,3,423,1269
1881,2023-09-25 03:44:35.229357800,Customer_46,West,Healthy,Sandwich,4,709,2836
1882,2023-09-25 11:01:45.087572976,Customer_162,East,Fast Food,Tacos,5,480,2400
1883,2023-09-25 18:18:54.945788156,Customer_130,North,Fast Food,Sushi,3,201,603
1884,2023-09-26 01:36:04.804003336,Customer_166,West,Main Course,Burger,3,593,1779
1885,2023-09-26 08:53:14.662218516,Customer_60,East,Continental,Curry,1,743,743
1886,2023-09-26 16:10:24.520433696,Customer_207,North,Asian,Curry,2,713,1426
1887,2023-09-26 23:27:34.378648876,Customer_264,South,Continental,Curry,2,118,236
1888,2023-09-27 06:44:44.236864052,Customer_1,North,Main Course,Sandwich,5,553,2765
1889,2023-09-27 14:01:54.095079232,Customer_278,North,Fast Food,Steak,2,581,1162
1890,2023-09-27 21:19:03.953294412,Customer_237,West,Continental,Pasta,4,693,2772
1891,2023-09-28 04:36:13.811509592,Customer_212,East,Healthy,Tacos,2,496,992
1892,2023-09-28 11:53:23.669724772,Customer_28,North,Continental,Pizza,5,378,1890
1893,2023-09-28 19:10:33.527939952,Customer_97,North,Fast Food,Sandwich,2,950,1900
1894,2023-09-29 02:27:43.386155128,Customer_266,North,Continental,Pizza,4,464,1856
1895,2023-09-29 09:44:53.244370308,Customer_186,West,Main Course,Pasta,1,430,430
1896,2023-09-29 17:02:03.102585488,Customer_256,North,Asian,Steak,5,740,3700
1897,2023-09-30 00:19:12.960800668,Customer_227,East,Fast Food,Steak,1,443,443
1898,2023-09-30 07:36:22.819015848,Customer_27,West,Healthy,Pasta,1,921,921
1899,2023-09-30 14:53:32.677231028,Customer_105,South,Main Course,Pasta,1,554,554
1900,2023-09-30 22:10:42.535446204,Customer_137,South,Fast Food,Noodles,3,700,2100
1901,2023-10-01 05:27:52.393661384,Customer_282,West,Healthy,Pizza,3,824,2472
1902,2023-10-01 12:45:02.251876564,Customer_68,East,Healthy,Steak,1,754,754
1903,2023-10-01 20:02:12.110091744,Customer_148,West,Fast Food,Pasta,5,164,820
1904,2023-10-02 03:19:21.968306924,Customer_225,West,Main Course,Pizza,4,175,700
1905,2023-10-02 10:36:31.826522104,Customer_249,West,Healthy,Pasta,4,810,3240
1906,2023-10-02 17:53:41.684737280,Customer_63,West,Asian,Salad,2,242,484
1907,2023-10-03 01:10:51.542952460,Customer_15,North,Main Course,Pasta,5,927,4635
1908,2023-10-03 08:28:01.401167640,Customer_123,South,Healthy,Noodles,3,704,2112
1909,2023-10-03 15:45:11.259382820,Customer_82,East,Fast Food,Tacos,1,572,572
1910,2023-10-03 23:02:21.117598000,Customer_160,North,Fast Food,Steak,2,516,1032
1911,2023-10-04 06:19:30.975813176,Customer_283,South,Main Course,Steak,4,404,1616
1912,2023-10-04 13:36:40.834028356,Customer_8,West,Healthy,Pizza,3,835,2505
1913,2023-10-04 20:53:50.692243536,Customer_283,South,Healthy,Salad,3,596,1788
1914,2023-10-05 04:11:00.550458716,Customer_209,South,Main Course,Burger,1,390,390
1915,2023-10-05 11:28:10.408673896,Customer_48,North,Main Course,Sandwich,4,201,804
1916,2023-10-05 18:45:20.266889076,Customer_116,North,Main Course,Curry,5,366,1830
1917,2023-10-06 02:02:30.125104252,Customer_59,East,Asian,Steak,3,966,2898
1918,2023-10-06 09:19:39.983319432,Customer_237,West,Asian,Curry,1,721,721
1919,2023-10-06 16:36:49.841534612,Customer_61,West,Asian,Curry,5,941,4705
1920,2023-10-06 23:53:59.699749792,Customer_79,West,Fast Food,Pasta,4,876,3504
1921,2023-10-07 07:11:09.557964972,Customer_256,South,Asian,Sandwich,3,102,306
1922,2023-10-07 14:28:19.416180152,Customer_150,South,Asian,Tacos,5,184,920
1923,2023-10-07 21:45:29.274395328,Customer_261,West,Asian,Steak,5,893,4465
1924,2023-10-08 05:02:39.132610508,Customer_140,East,Healthy,Pasta,5,427,2135
1925,2023-10-08 12:19:48.990825688,Customer_213,South,Continental,Steak,3,915,2745
1926,2023-10-08 19:36:58.849040868,Customer_248,East,Asian,Pasta,3,549,1647
1927,2023-10-09 02:54:08.707256048,Customer_242,South,Main Course,Steak,2,553,1106
1928,2023-10-09 10:11:18.565471228,Customer_125,North,Asian,Noodles,4,728,2912
1929,2023-10-09 17:28:28.423686404,Customer_234,North,Continental,Salad,1,320,320
1930,2023-10-10 00:45:38.281901584,Customer_283,West,Fast Food,Pasta,5,253,1265
1931,2023-10-10 08:02:48.140116764,Customer_75,North,Fast Food,Sushi,2,764,1528
1932,2023-10-10 15:19:57.998331944,Customer_197,South,Asian,Curry,1,111,111
1933,2023-10-10 22:37:07.856547124,Customer_98,South,Main Course,Steak,2,232,464
1934,2023-10-11 05:54:17.714762304,Customer_261,North,Main Course,Steak,3,403,1209
1935,2023-10-11 13:11:27.572977480,Customer_70,North,Healthy,Burger,5,392,1960
1936,2023-10-11 20:28:37.431192660,Customer_36,North,Main Course,Sandwich,1,399,399
1937,2023-10-12 03:45:47.289407840,Customer_142,West,Healthy,Tacos,1,839,839
1938,2023-10-12 11:02:57.147623020,Customer_213,North,Healthy,Tacos,1,882,882
1939,2023-10-12 18:20:07.005838200,Customer_175,South,Main Course,Pasta,1,142,142
1940,2023-10-13 01:37:16.864053380,Customer_260,North,Main Course,Burger,1,442,442
1941,2023-10-13 08:54:26.722268556,Customer_137,West,Healthy,Pizza,2,425,850
1942,2023-10-13 16:11:36.580483736,Customer_2,West,Fast Food,Sandwich,5,913,4565
1943,2023-10-13 23:28:46.438698916,Customer_145,South,Asian,Noodles,3,597,1791
1944,2023-10-14 06:45:56.296914096,Customer_153,South,Fast Food,Noodles,3,463,1389
1945,2023-10-14 14:03:06.155129276,Customer_297,North,Main Course,Tacos,3,990,2970
1946,2023-10-14 21:20:16.013344456,Customer_251,South,Continental,Pasta,3,526,1578
1947,2023-10-15 04:37:25.871559632,Customer_77,East,Main Course,Steak,2,120,240
1948,2023-10-15 11:54:35.729774812,Customer_229,South,Healthy,Burger,4,506,2024
1949,2023-10-15 19:11:45.587989992,Customer_276,East,Continental,Pasta,5,718,3590
1950,2023-10-16 02:28:55.446205172,Customer_248,East,Continental,Curry,1,435,435
1951,2023-10-16 09:46:05.304420352,Customer_177,South,Asian,Steak,4,914,3656
1952,2023-10-16 17:03:15.162635528,Customer_171,East,Main Course,Steak,3,216,648
1953,2023-10-17 00:20:25.020850708,Customer_283,South,Asian,Pizza,4,223,892
1954,2023-10-17 07:37:34.879065888,Customer_279,South,Fast Food,Noodles,5,498,2490
1955,2023-10-17 14:54:44.737281068,Customer_194,West,Continental,Noodles,1,892,892
1956,2023-10-17 22:11:54.595496248,Customer_234,East,Asian,Burger,1,903,903
1957,2023-10-18 05:29:04.453711428,Customer_165,East,Fast Food,Burger,5,814,4070
1958,2023-10-18 12:46:14.311926604,Customer_97,North,Main Course,Curry,5,150,750
1959,2023-10-18 20:03:24.170141784,Customer_123,South,Main Course,Pasta,3,882,2646
1960,2023-10-19 03:20:34.028356964,Customer_293,West,Healthy,Steak,1,423,423
1961,2023-10-19 10:37:43.886572144,Customer_197,West,Fast Food,Noodles,4,888,3552
1962,2023-10-19 17:54:53.744787324,Customer_120,North,Fast Food,Pizza,2,240,480
1963,2023-10-20 01:12:03.603002504,Customer_211,East,Asian,Tacos,2,569,1138
1964,2023-10-20 08:29:13.461217680,Customer_23,West,Continental,Noodles,5,886,4430
1965,2023-10-20 15:46:23.319432860,Customer_163,East,Continental,Tacos,3,901,2703
1966,2023-10-20 23:03:33.177648040,Customer_243,West,Healthy,Sushi,2,433,866
1967,2023-10-21 06:20:43.035863220,Customer_196,West,Healthy,Pizza,1,992,992
1968,2023-10-21 13:37:52.894078400,Customer_198,South,Healthy,Noodles,5,472,2360
1969,2023-10-21 20:55:02.752293580,Customer_78,East,Fast Food,Tacos,4,663,2652
1970,2023-10-22 04:12:12.610508756,Customer_254,West,Main Course,Sandwich,5,593,2965
1971,2023-10-22 11:29:22.468723936,Customer_19,South,Main Course,Curry,4,638,2552
1972,2023-10-22 18:46:32.326939116,Customer_65,West,Asian,Tacos,5,768,3840
1973,2023-10-23 02:03:42.185154296,Customer_258,South,Continental,Sushi,5,850,4250
1974,2023-10-23 09:20:52.043369476,Customer_170,South,Continental,Steak,5,255,1275
1975,2023-10-23 16:38:01.901584656,Customer_52,East,Asian,Steak,4,390,1560
1976,2023-10-23 23:55:11.759799832,Customer_226,South,Fast Food,Burger,4,747,2988
1977,2023-10-24 07:12:21.618015012,Customer_52,West,Main Course,Tacos,5,243,1215
1978,2023-10-24 14:29:31.476230192,Customer_270,North,Healthy,Pasta,2,205,410
1979,2023-10-24 21:46:41.334445372,Customer_234,West,Main Course,Salad,3,519,1557
1980,2023-10-25 05:03:51.192660552,Customer_8,West,Asian,Curry,3,769,2307
1981,2023-10-25 12:21:01.050875732,Customer_74,South,Main Course,Sandwich,3,757,2271
1982,2023-10-25 19:38:10.909090908,Customer_210,West,Healthy,Burger,4,101,404
1983,2023-10-26 02:55:20.767306088,Customer_80,South,Continental,Salad,4,688,2752
1984,2023-10-26 10:12:30.625521268,Customer_39,East,Asian,Steak,2,743,1486
1985,2023-10-26 17:29:40.483736448,Customer_241,South,Fast Food,Noodles,3,189,567
1986,2023-10-27 00:46:50.341951628,Customer_136,East,Main Course,Tacos,3,444,1332
1987,2023-10-27 08:04:00.200166804,Customer_174,North,Main Course,Salad,5,449,2245
1988,2023-10-27 15:21:10.058381984,Customer_204,West,Fast Food,Sandwich,4,558,2232
1989,2023-10-27 22:38:19.916597164,Customer_42,East,Fast Food,Pizza,3,362,1086
1990,2023-10-28 05:55:29.774812344,Customer_169,North,Healthy,Pizza,2,450,900
1991,2023-10-28 13:12:39.633027524,Customer_274,South,Main Course,Steak,2,207,414
1992,2023-10-28 20:29:49.491242704,Customer_195,North,Asian,Noodles,3,685,2055
1993,2023-10-29 03:46:59.349457880,Customer_163,East,Main Course,Burger,4,138,552
1994,2023-10-29 11:04:09.207673060,Customer_250,West,Healthy,Noodles,2,258,516
1995,2023-10-29 18:21:19.065888240,Customer_278,North,Asian,Pizza,5,682,3410
1996,2023-10-30 01:38:28.924103420,Customer_19,North,Asian,Tacos,2,411,822
1997,2023-10-30 08:55:38.782318600,Customer_36,South,Asian,Sandwich,1,340,340
1998,2023-10-30 16:12:48.640533780,Customer_121,South,Healthy,Sushi,1,544,544
1999,2023-10-30 23:29:58.498748956,Customer_148,West,Main Course,Tacos,4,397,1588
2000,2023-10-31 06:47:08.356964136,Customer_117,South,Continental,Sushi,3,135,405
2001,2023-10-31 14:04:18.215179316,Customer_47,East,Asian,Burger,4,183,732
2002,2023-10-31 21:21:28.073394496,Customer_223,East,Fast Food,Pasta,4,551,2204
2003,2023-11-01 04:38:37.931609676,Customer_51,North,Healthy,Tacos,4,985,3940
2004,2023-11-01 11:55:47.789824856,Customer_52,South,Asian,Steak,4,874,3496
2005,2023-11-01 19:12:57.648040032,Customer_228,South,Healthy,Salad,5,921,4605
2006,2023-11-02 02:30:07.506255212,Customer_86,North,Fast Food,Salad,5,484,2420
2007,2023-11-02 09:47:17.364470392,Customer_154,West,Asian,Noodles,2,271,542
2008,2023-11-02 17:04:27.222685572,Customer_15,South,Main Course,Tacos,1,475,475
2009,2023-11-03 00:21:37.080900752,Customer_24,South,Healthy,Steak,4,784,3136
2010,2023-11-03 07:38:46.939115932,Customer_167,West,Asian,Sushi,2,461,922
2011,2023-11-03 14:55:56.797331108,Customer_29,South,Asian,Steak,1,658,658
2012,2023-11-03 22:13:06.655546288,Customer_151,East,Healthy,Salad,3,990,2970
2013,2023-11-04 05:30:16.513761468,Customer_184,East,Fast Food,Tacos,5,240,1200
2014,2023-11-04 12:47:26.371976648,Customer_192,West,Healthy,Sandwich,1,986,986
2015,2023-11-04 20:04:36.230191828,Customer_221,West,Continental,Tacos,3,217,651
2016,2023-11-05 03:21:46.088407008,Customer_75,East,Main Course,Noodles,1,376,376
2017,2023-11-05 10:38:55.946622184,Customer_126,East,Fast Food,Noodles,5,825,4125
2018,2023-11-05 17:56:05.804837364,Customer_272,East,Main Course,Curry,5,319,1595
2019,2023-11-06 01:13:15.663052544,Customer_211,East,Main Course,Pasta,2,125,250
2020,2023-11-06 08:30:25.521267724,Customer_290,West,Healthy,Sushi,4,620,2480
2021,2023-11-06 15:47:35.379482904,Customer_93,West,Continental,Noodles,1,882,882
2022,2023-11-06 23:04:45.237698084,Customer_88,North,Asian,Noodles,1,109,109
2023,2023-11-07 06:21:55.095913260,Customer_90,West,Continental,Curry,3,477,1431
2024,2023-11-07 13:39:04.954128440,Customer_41,East,Fast Food,Salad,5,732,3660
2025,2023-11-07 20:56:14.812343620,Customer_196,South,Continental,Salad,1,736,736
2026,2023-11-08 04:13:24.670558800,Customer_124,East,Main Course,Steak,5,781,3905
2027,2023-11-08 11:30:34.528773980,Customer_255,East,Asian,Sushi,1,683,683
2028,2023-11-08 18:47:44.386989156,Customer_299,West,Continental,Tacos,2,251,502
2029,2023-11-09 02:04:54.245204336,Customer_74,North,Asian,Pasta,4,819,3276
2030,2023-11-09 09:22:04.103419516,Customer_119,South,Continental,Burger,1,148,148
2031,2023-11-09 16:39:13.961634696,Customer_237,South,Asian,Sandwich,5,253,1265
2032,2023-11-09 23:56:23.819849876,Customer_131,North,Continental,Curry,2,958,1916
2033,2023-11-10 07:13:33.678065056,Customer_236,East,Fast Food,Pasta,1,392,392
2034,2023-11-10 14:30:43.536280232,Customer_131,West,Asian,Burger,3,679,2037
2035,2023-11-10 21:47:53.394495412,Customer_5,East,Healthy,Sandwich,4,149,596
2036,2023-11-11 05:05:03.252710592,Customer_239,South,Main Course,Noodles,1,763,763
2037,2023-11-11 12:22:13.110925772,Customer_148,South,Asian,Tacos,2,630,1260
2038,2023-11-11 19:39:22.969140952,Customer_280,East,Main Course,Sushi,3,711,2133
2039,2023-11-12 02:56:32.827356132,Customer_81,South,Continental,Noodles,2,159,318
2040,2023-11-12 10:13:42.685571308,Customer_38,West,Continental,Steak,2,266,532
2041,2023-11-12 17:30:52.543786488,Customer_227,South,Continental,Pizza,3,301,903
2042,2023-11-13 00:48:02.402001668,Customer_177,West,Continental,Pasta,2,956,1912
2043,2023-11-13 08:05:12.260216848,Customer_154,East,Continental,Tacos,3,245,735
2044,2023-11-13 15:22:22.118432028,Customer_218,East,Fast Food,Pizza,1,775,775
2045,2023-11-13 22:39:31.976647208,Customer_129,West,Main Course,Burger,3,538,1614
2046,2023-11-14 05:56:41.834862384,Customer_234,West,Asian,Pasta,3,341,1023
2047,2023-11-14 13:13:51.693077564,Customer_155,West,Fast Food,Curry,4,680,2720
2048,2023-11-14 20:31:01.551292744,Customer_102,South,Fast Food,Steak,3,786,2358
2049,2023-11-15 03:48:11.409507924,Customer_197,East,Fast Food,Tacos,3,660,1980
2050,2023-11-15 11:05:21.267723104,Customer_248,South,Fast Food,Burger,1,582,582
2051,2023-11-15 18:22:31.125938284,Customer_55,South,Fast Food,Burger,4,207,828
2052,2023-11-16 01:39:40.984153460,Customer_122,West,Main Course,Salad,5,325,1625
2053,2023-11-16 08:56:50.842368640,Customer_196,South,Asian,Sandwich,1,772,772
2054,2023-11-16 16:14:00.700583820,Customer_293,North,Main Course,Sushi,1,730,730
2055,2023-11-16 23:31:10.558799000,Customer_184,North,Asian,Burger,5,760,3800
2056,2023-11-17 06:48:20.417014180,Customer_295,North,Fast Food,Steak,3,761,2283
2057,2023-11-17 14:05:30.275229360,Customer_152,North,Fast Food,Pizza,2,531,1062
2058,2023-11-17 21:22:40.133444536,Customer_152,North,Continental,Tacos,4,904,3616
2059,2023-11-18 04:39:49.991659716,Customer_12,West,Healthy,Tacos,2,754,1508
2060,2023-11-18 11:56:59.849874896,Customer_203,South,Healthy,Steak,5,518,2590
2061,2023-11-18 19:14:09.708090076,Customer_141,South,Main Course,Noodles,1,554,554
2062,2023-11-19 02:31:19.566305256,Customer_5,North,Main Course,Salad,1,259,259
2063,2023-11-19 09:48:29.424520436,Customer_290,South,Asian,Steak,4,622,2488
2064,2023-11-19 17:05:39.282735612,Customer_26,North,Continental,Pizza,1,749,749
2065,2023-11-20 00:22:49.140950792,Customer_255,South,Asian,Pasta,1,689,689
2066,2023-11-20 07:39:58.999165972,Customer_147,West,Continental,Curry,4,176,704
2067,2023-11-20 14:57:08.857381152,Customer_118,East,Healthy,Curry,4,608,2432
2068,2023-11-20 22:14:18.715596332,Customer_181,North,Healthy,Pizza,5,540,2700
2069,2023-11-21 05:31:28.573811508,Customer_113,West,Continental,Sandwich,1,353,353
2070,2023-11-21 12:48:38.432026688,Customer_98,West,Asian,Noodles,1,869,869
2071,2023-11-21 20:05:48.290241868,Customer_129,North,Main Course,Salad,5,419,2095
2072,2023-11-22 03:22:58.148457048,Customer_71,North,Continental,Sandwich,3,902,2706
2073,2023-11-22 10:40:08.006672228,Customer_50,West,Continental,Pizza,3,362,1086
2074,2023-11-22 17:57:17.864887408,Customer_21,North,Continental,Steak,3,696,2088
2075,2023-11-23 01:14:27.723102584,Customer_159,North,Asian,Noodles,5,757,3785
2076,2023-11-23 08:31:37.581317764,Customer_226,East,Main Course,Noodles,1,934,934
2077,2023-11-23 15:48:47.439532944,Customer_18,East,Asian,Sandwich,5,653,3265
2078,2023-11-23 23:05:57.297748124,Customer_297,North,Fast Food,Steak,5,473,2365
2079,2023-11-24 06:23:07.155963304,Customer_187,West,Fast Food,Pasta,3,736,2208
2080,2023-11-24 13:40:17.014178484,Customer_68,South,Continental,Pizza,2,266,532
2081,2023-11-24 20:57:26.872393660,Customer_47,North,Continental,Sushi,1,852,852
2082,2023-11-25 04:14:36.730608840,Customer_152,North,Continental,Sandwich,3,558,1674
2083,2023-11-25 11:31:46.588824020,Customer_168,South,Main Course,Pizza,2,379,758
2084,2023-11-25 18:48:56.447039200,Customer_213,South,Main Course,Pasta,2,799,1598
2085,2023-11-26 02:06:06.305254380,Customer_90,South,Continental,Burger,4,401,1604
2086,2023-11-26 09:23:16.163469560,Customer_103,East,Main Course,Salad,1,630,630
2087,2023-11-26 16:40:26.021684736,Customer_68,East,Healthy,Tacos,2,679,1358
2088,2023-11-26 23:57:35.879899916,Customer_277,East,Continental,Sushi,3,317,951
2089,2023-11-27 07:14:45.738115096,Customer_188,West,Healthy,Tacos,4,201,804
2090,2023-11-27 14:31:55.596330276,Customer_272,North,Asian,Tacos,1,653,653
2091,2023-11-27 21:49:05.454545456,Customer_257,East,Healthy,Steak,5,387,1935
2092,2023-11-28 05:06:15.312760636,Customer_140,West,Asian,Sandwich,3,266,798
2093,2023-11-28 12:23:25.170975812,Customer_85,West,Asian,Noodles,2,720,1440
2094,2023-11-28 19:40:35.029190992,Customer_132,South,Continental,Pizza,2,135,270
2095,2023-11-29 02:57:44.887406172,Customer_247,South,Continental,Burger,3,843,2529
2096,2023-11-29 10:14:54.745621352,Customer_152,East,Asian,Burger,2,840,1680
2097,2023-11-29 17:32:04.603836532,Customer_174,North,Main Course,Noodles,4,452,1808
2098,2023-11-30 00:49:14.462051712,Customer_59,North,Fast Food,Salad,1,775,775
2099,2023-11-30 08:06:24.320266888,Customer_240,North,Healthy,Noodles,4,998,3992
2100,2023-11-30 15:23:34.178482068,Customer_39,West,Asian,Steak,2,172,344
2101,2023-11-30 22:40:44.036697248,Customer_73,West,Fast Food,Sushi,5,747,3735
2102,2023-12-01 05:57:53.894912428,Customer_116,West,Continental,Sushi,1,452,452
2103,2023-12-01 13:15:03.753127608,Customer_204,West,Continental,Salad,1,990,990
2104,2023-12-01 20:32:13.611342784,Customer_286,North,Asian,Sandwich,3,169,507
2105,2023-12-02 03:49:23.469557964,Customer_188,North,Main Course,Steak,3,524,1572
2106,2023-12-02 11:06:33.327773144,Customer_47,South,Asian,Sandwich,5,807,4035
2107,2023-12-02 18:23:43.185988324,Customer_203,North,Healthy,Curry,1,880,880
2108,2023-12-03 01:40:53.044203504,Customer_8,West,Fast Food,Tacos,5,660,3300
2109,2023-12-03 08:58:02.902418684,Customer_136,West,Main Course,Steak,3,927,2781
2110,2023-12-03 16:15:12.760633860,Customer_275,East,Asian,Pizza,3,741,2223
2111,2023-12-03 23:32:22.618849040,Customer_64,North,Healthy,Salad,1,616,616
2112,2023-12-04 06:49:32.477064220,Customer_233,North,Healthy,Pasta,4,527,2108
2113,2023-12-04 14:06:42.335279400,Customer_189,South,Main Course,Tacos,2,638,1276
2114,2023-12-04 21:23:52.193494580,Customer_135,South,Healthy,Noodles,3,259,777
2115,2023-12-05 04:41:02.051709760,Customer_300,West,Healthy,Burger,3,248,744
2116,2023-12-05 11:58:11.909924936,Customer_196,East,Healthy,Noodles,4,875,3500
2117,2023-12-05 19:15:21.768140116,Customer_191,North,Healthy,Burger,4,329,1316
2118,2023-12-06 02:32:31.626355296,Customer_56,North,Asian,Noodles,5,811,4055
2119,2023-12-06 09:49:41.484570476,Customer_120,East,Main Course,Salad,5,661,3305
2120,2023-12-06 17:06:51.342785656,Customer_242,North,Fast Food,Sushi,2,166,332
2121,2023-12-07 00:24:01.201000836,Customer_13,South,Fast Food,Burger,2,911,1822
2122,2023-12-07 07:41:11.059216012,Customer_288,East,Healthy,Noodles,1,480,480
2123,2023-12-07 14:58:20.917431192,Customer_168,North,Asian,Salad,5,157,785
2124,2023-12-07 22:15:30.775646372,Customer_114,South,Healthy,Noodles,3,358,1074
2125,2023-12-08 05:32:40.633861552,Customer_33,South,Healthy,Steak,5,441,2205
2126,2023-12-08 12:49:50.492076732,Customer_238,West,Asian,Salad,3,937,2811
2127,2023-12-08 20:07:00.350291912,Customer_155,North,Continental,Curry,4,229,916
2128,2023-12-09 03:24:10.208507088,Customer_210,East,Main Course,Tacos,5,826,4130
2129,2023-12-09 10:41:20.066722268,Customer_60,South,Fast Food,Steak,4,271,1084
2130,2023-12-09 17:58:29.924937448,Customer_72,South,Asian,Curry,2,869,1738
2131,2023-12-10 01:15:39.783152628,Customer_24,West,Fast Food,Sandwich,2,713,1426
2132,2023-12-10 08:32:49.641367808,Customer_20,East,Asian,Sushi,1,308,308
2133,2023-12-10 15:49:59.499582988,Customer_156,West,Asian,Curry,5,902,4510
2134,2023-12-10 23:07:09.357798164,Customer_253,South,Continental,Curry,4,453,1812
2135,2023-12-11 06:24:19.216013344,Customer_60,North,Healthy,Steak,3,570,1710
2136,2023-12-11 13:41:29.074228524,Customer_50,East,Main Course,Pizza,2,897,1794
2137,2023-12-11 20:58:38.932443704,Customer_121,North,Continental,Curry,2,215,430
2138,2023-12-12 04:15:48.790658884,Customer_276,North,Fast Food,Burger,3,363,1089
2139,2023-12-12 11:32:58.648874064,Customer_70,West,Main Course,Salad,4,761,3044
2140,2023-12-12 18:50:08.507089240,Customer_199,South,Healthy,Burger,4,911,3644
2141,2023-12-13 02:07:18.365304420,Customer_233,North,Continental,Tacos,5,541,2705
2142,2023-12-13 09:24:28.223519600,Customer_190,East,Asian,Sandwich,5,647,3235
2143,2023-12-13 16:41:38.081734780,Customer_277,West,Fast Food,Sandwich,1,552,552
2144,2023-12-13 23:58:47.939949960,Customer_215,East,Continental,Sushi,2,944,1888
2145,2023-12-14 07:15:57.798165136,Customer_80,North,Continental,Tacos,5,576,2880
2146,2023-12-14 14:33:07.656380316,Customer_213,East,Main Course,Sushi,4,386,1544
2147,2023-12-14 21:50:17.514595496,Customer_51,West,Fast Food,Noodles,3,402,1206
2148,2023-12-15 05:07:27.372810676,Customer_251,West,Fast Food,Noodles,4,410,1640
2149,2023-12-15 12:24:37.231025856,Customer_209,South,Fast Food,Pizza,2,307,614
2150,2023-12-15 19:41:47.089241036,Customer_144,East,Main Course,Salad,4,717,2868
2151,2023-12-16 02:58:56.947456212,Customer_17,West,Fast Food,Sandwich,1,545,545
2152,2023-12-16 10:16:06.805671392,Customer_190,West,Main Course,Salad,2,769,1538
2153,2023-12-16 17:33:16.663886572,Customer_112,South,Asian,Burger,3,732,2196
2154,2023-12-17 00:50:26.522101752,Customer_228,West,Main Course,Tacos,1,154,154
2155,2023-12-17 08:07:36.380316932,Customer_228,North,Healthy,Sushi,2,111,222
2156,2023-12-17 15:24:46.238532112,Customer_121,East,Fast Food,Burger,3,756,2268
2157,2023-12-17 22:41:56.096747288,Customer_186,South,Healthy,Noodles,1,499,499
2158,2023-12-18 05:59:05.954962468,Customer_51,North,Healthy,Pasta,1,747,747
2159,2023-12-18 13:16:15.813177648,Customer_189,North,Asian,Curry,2,614,1228
2160,2023-12-18 20:33:25.671392828,Customer_279,East,Continental,Sushi,5,755,3775
2161,2023-12-19 03:50:35.529608008,Customer_184,South,Asian,Sushi,1,641,641
2162,2023-12-19 11:07:45.387823188,Customer_32,West,Main Course,Sandwich,1,336,336
2163,2023-12-19 18:24:55.246038364,Customer_204,South,Main Course,Steak,3,378,1134
2164,2023-12-20 01:42:05.104253544,Customer_142,West,Fast Food,Salad,4,447,1788
2165,2023-12-20 08:59:14.962468724,Customer_98,East,Healthy,Pasta,2,726,1452
2166,2023-12-20 16:16:24.820683904,Customer_63,East,Asian,Sandwich,2,203,406
2167,2023-12-20 23:33:34.678899084,Customer_233,North,Continental,Curry,5,729,3645
2168,2023-12-21 06:50:44.537114264,Customer_47,North,Asian,Sandwich,5,616,3080
2169,2023-12-21 14:07:54.395329440,Customer_109,North,Fast Food,Sandwich,2,971,1942
2170,2023-12-21 21:25:04.253544620,Customer_11,East,Asian,Sandwich,5,347,1735
2171,2023-12-22 04:42:14.111759800,Customer_26,West,Continental,Salad,3,463,1389
2172,2023-12-22 11:59:23.969974980,Customer_171,East,Continental,Sandwich,2,420,840
2173,2023-12-22 19:16:33.828190160,Customer_125,East,Healthy,Sandwich,5,732,3660
2174,2023-12-23 02:33:43.686405340,Customer_65,North,Healthy,Sandwich,2,385,770
2175,2023-12-23 09:50:53.544620516,Customer_290,South,Fast Food,Sandwich,4,248,992
2176,2023-12-23 17:08:03.402835696,Customer_106,North,Healthy,Steak,1,183,183
2177,2023-12-24 00:25:13.261050876,Customer_36,South,Main Course,Sushi,2,505,1010
2178,2023-12-24 07:42:23.119266056,Customer_284,West,Healthy,Pasta,1,555,555
2179,2023-12-24 14:59:32.977481236,Customer_107,West,Main Course,Burger,5,842,4210
2180,2023-12-24 22:16:42.835696416,Customer_111,West,Asian,Burger,1,899,899
2181,2023-12-25 05:33:52.693911592,Customer_120,North,Main Course,Burger,2,260,520
2182,2023-12-25 12:51:02.552126772,Customer_169,North,Fast Food,Curry,4,883,3532
2183,2023-12-25 20:08:12.410341952,Customer_76,North,Continental,Steak,5,559,2795
2184,2023-12-26 03:25:22.268557132,Customer_2,East,Fast Food,Pizza,2,649,1298
2185,2023-12-26 10:42:32.126772312,Customer_142,North,Fast Food,Noodles,5,599,2995
2186,2023-12-26 17:59:41.984987488,Customer_75,East,Fast Food,Pizza,3,837,2511
2187,2023-12-27 01:16:51.843202668,Customer_67,West,Fast Food,Curry,1,608,608
2188,2023-12-27 08:34:01.701417848,Customer_277,North,Healthy,Sushi,3,753,2259
2189,2023-12-27 15:51:11.559633028,Customer_129,East,Asian,Steak,2,903,1806
2190,2023-12-27 23:08:21.417848208,Customer_90,West,Continental,Sushi,4,580,2320
2191,2023-12-28 06:25:31.276063388,Customer_57,West,Main Course,Curry,5,762,3810
2192,2023-12-28 13:42:41.134278564,Customer_14,North,Main Course,Steak,1,213,213
2193,2023-12-28 20:59:50.992493744,Customer_68,South,Asian,Salad,5,848,4240
2194,2023-12-29 04:17:00.850708924,Customer_8,South,Fast Food,Curry,2,677,1354
2195,2023-12-29 11:34:10.708924104,Customer_184,West,Fast Food,Pasta,5,460,2300
2196,2023-12-29 18:51:20.567139284,Customer_122,South,Continental,Noodles,1,440,440
2197,2023-12-30 02:08:30.425354464,Customer_166,South,Main Course,Salad,2,869,1738
2198,2023-12-30 09:25:40.283569640,Customer_9,East,Fast Food,Tacos,5,860,4300
2199,2023-12-30 16:42:50.141784820,Customer_90,East,Healthy,Sandwich,4,548,2192
2200,2023-12-31 00:00:00.000000000,Customer_136,East,Continental,Steak,2,942,1884
